element1,element2,type,gold,namebased_1hl,namebased_2hl,nounbased_1hl,nounbased_2hl,namebased_cos,nounbased_cos,baseline_pos,baseline_freq
aalborg,city,Pos,Yes,Yes,Yes,Yes,Yes,Yes,Yes,Yes,Yes
aalborg,wall_street,Inst2Inst,No,Yes,Yes,No,No,No,Yes,Yes,No
aarhus,city,Pos,Yes,Yes,Yes,Yes,Yes,Yes,Yes,Yes,Yes
aarhus,reading,Inst2Inst,No,No,No,No,No,No,Yes,Yes,No
acheron,colorado_river,Inst2Inst,No,No,No,No,No,No,Yes,Yes,No
acheron,river,Pos,Yes,Yes,Yes,Yes,Yes,Yes,Yes,Yes,Yes
admiralty_islands,achaea,Inst2Inst,No,No,No,No,No,No,Yes,Yes,Yes
admiralty_islands,archipelago,Pos,Yes,Yes,Yes,No,No,Yes,Yes,Yes,No
admiralty_islands,island,Pos,Yes,Yes,Yes,Yes,Yes,Yes,Yes,Yes,No
admiralty_islands,pyrenees,Inst2Inst,No,No,No,No,No,No,Yes,Yes,No
aegean_sea,alpha_crucis,Inst2Inst,No,Yes,No,No,No,No,Yes,Yes,Yes
aegean_sea,sea,Pos,Yes,Yes,Yes,Yes,Yes,Yes,Yes,Yes,No
agnes_de_mille,choreographer,Pos,Yes,Yes,Yes,Yes,Yes,Yes,Yes,Yes,No
agnes_de_mille,douglas_macarthur,Inst2Inst,No,No,No,No,No,No,Yes,Yes,No
alessandro_manzoni,fuller,Inst2Inst,No,No,No,No,No,No,Yes,Yes,Yes
alessandro_manzoni,writer,Pos,Yes,Yes,Yes,Yes,Yes,Yes,Yes,Yes,No
alexandria,bangkok,Inst2Inst,No,No,No,No,No,No,Yes,Yes,No
alexandria,port,Pos,Yes,Yes,Yes,Yes,Yes,Yes,Yes,Yes,Yes
almaty,city,Pos,Yes,Yes,Yes,Yes,Yes,Yes,Yes,Yes,No
almaty,philadelphia,Inst2Inst,No,No,No,No,No,No,Yes,Yes,No
amarillo,city,Pos,Yes,Yes,Yes,Yes,Yes,Yes,Yes,Yes,Yes
amarillo,zurich,Inst2Inst,No,No,No,No,No,No,Yes,Yes,No
andrew_lloyd_webber,belisarius,Inst2Inst,No,No,No,No,No,No,Yes,Yes,Yes
andrew_lloyd_webber,composer,Pos,Yes,Yes,No,Yes,Yes,Yes,Yes,Yes,Yes
anguilla,indianapolis,Inst2Inst,No,No,No,No,No,No,Yes,Yes,No
anguilla,island,Pos,Yes,Yes,Yes,Yes,Yes,Yes,Yes,Yes,No
annapolis,palau,Inst2Inst,No,No,No,No,No,No,Yes,Yes,Yes
annapolis,state_capital,Pos,Yes,Yes,Yes,No,No,No,Yes,Yes,No
anne_bronte,captain_cook,Inst2Inst,No,No,No,No,No,No,Yes,Yes,Yes
anne_bronte,writer,Pos,Yes,Yes,Yes,Yes,Yes,Yes,Yes,Yes,No
antigua_and_barbuda,country,Pos,Yes,Yes,No,Yes,Yes,Yes,Yes,Yes,No
antigua_and_barbuda,stagira,Inst2Inst,No,No,No,No,No,No,Yes,Yes,Yes
anwar_sadat,north,Inst2Inst,No,No,No,No,Yes,No,Yes,Yes,No
anwar_sadat,statesman,Pos,Yes,Yes,Yes,Yes,Yes,Yes,Yes,Yes,Yes
anzio,shanghai,Inst2Inst,No,No,No,No,No,No,Yes,Yes,No
anzio,town,Pos,Yes,Yes,No,Yes,Yes,No,Yes,Yes,No
arabian_sea,rhone_river,Inst2Inst,No,No,No,No,No,No,Yes,Yes,Yes
arabian_sea,sea,Pos,Yes,Yes,Yes,Yes,Yes,Yes,Yes,Yes,No
archer,antigua,Inst2Inst,No,No,Yes,No,No,No,Yes,Yes,Yes
archer,mansion,Pos,Yes,Yes,Yes,Yes,Yes,No,Yes,Yes,No
archimedes,george_frederick_handel,Inst2Inst,No,No,Yes,No,No,No,Yes,Yes,Yes
archimedes,mathematician,Pos,Yes,Yes,Yes,Yes,Yes,Yes,Yes,Yes,Yes
arequipa,bismarck_archipelago,Inst2Inst,No,No,No,No,No,No,Yes,Yes,Yes
arequipa,city,Pos,Yes,Yes,Yes,Yes,Yes,Yes,Yes,Yes,No
argonaut,fictional_character,Pos,Yes,Yes,Yes,Yes,Yes,No,Yes,Yes,No
argonaut,noel_coward,Inst2Inst,No,No,No,No,No,No,Yes,Yes,No
aristarchus_of_samos,astronomer,Pos,Yes,Yes,Yes,Yes,Yes,Yes,Yes,Yes,Yes
aristarchus_of_samos,stewart,Inst2Inst,No,No,No,No,No,No,Yes,Yes,No
arkansas_river,kan_river,Inst2Inst,No,No,No,No,No,No,Yes,Yes,Yes
arkansas_river,river,Pos,Yes,Yes,Yes,Yes,Yes,Yes,Yes,Yes,No
arthur_koestler,julian_the_apostate,Inst2Inst,No,No,No,No,No,Yes,Yes,Yes,Yes
arthur_koestler,writer,Pos,Yes,Yes,Yes,Yes,Yes,Yes,Yes,Yes,No
aruba,herat,Inst2Inst,No,No,No,No,No,No,Yes,Yes,No
aruba,island,Pos,Yes,Yes,Yes,Yes,Yes,Yes,Yes,Yes,Yes
aspinwall,city,Pos,Yes,Yes,Yes,Yes,Yes,No,Yes,Yes,No
aspinwall,gibraltar,Inst2Inst,No,No,No,No,No,No,Yes,Yes,No
assam,messina,Inst2Inst,No,No,No,No,No,No,Yes,Yes,No
assam,state,Pos,Yes,Yes,Yes,Yes,Yes,Yes,Yes,Yes,No
assur,city,Pos,Yes,Yes,Yes,Yes,Yes,Yes,Yes,Yes,No
assur,libra,Inst2Inst,No,Yes,Yes,No,No,No,Yes,Yes,No
astrakhan,city,Pos,Yes,Yes,Yes,Yes,Yes,Yes,Yes,Yes,Yes
astrakhan,tripoli,Inst2Inst,No,No,No,No,No,No,Yes,Yes,No
auckland,port,Pos,Yes,Yes,Yes,Yes,Yes,Yes,Yes,Yes,Yes
auckland,superior,Inst2Inst,No,No,No,No,No,No,Yes,Yes,Yes
auguste_rodin,gaetano_donizetti,Inst2Inst,No,No,No,No,No,No,Yes,Yes,Yes
auguste_rodin,sculptor,Pos,Yes,Yes,Yes,No,No,No,Yes,Yes,Yes
baja_california,buzzards_bay,Inst2Inst,No,No,No,No,No,No,Yes,Yes,Yes
baja_california,peninsula,Pos,Yes,Yes,Yes,Yes,Yes,Yes,Yes,Yes,No
baku,arabian_peninsula,Inst2Inst,No,No,No,No,No,No,Yes,Yes,Yes
baku,port,Pos,Yes,Yes,Yes,Yes,Yes,Yes,Yes,Yes,Yes
baltimore,city,Pos,Yes,Yes,Yes,Yes,Yes,Yes,Yes,Yes,No
baltimore,palatine,Inst2Inst,No,No,No,No,No,No,Yes,Yes,No
barbados,island,Pos,Yes,Yes,Yes,Yes,Yes,Yes,Yes,Yes,Yes
barbados,rus,Inst2Inst,No,Yes,Yes,No,No,No,Yes,Yes,Yes
barents_sea,ottawa_river,Inst2Inst,No,Yes,Yes,No,No,No,Yes,Yes,Yes
barents_sea,sea,Pos,Yes,Yes,Yes,Yes,Yes,Yes,Yes,Yes,No
bayard,grover_cleveland,Inst2Inst,No,Yes,No,No,No,No,Yes,Yes,Yes
bayard,soldier,Pos,Yes,Yes,Yes,Yes,Yes,No,Yes,Yes,No
bede,historian,Pos,Yes,Yes,Yes,Yes,Yes,Yes,Yes,Yes,Yes
bede,martial,Inst2Inst,No,No,No,No,No,No,Yes,Yes,Yes
bede,saint,Pos,Yes,Yes,Yes,No,No,Yes,Yes,Yes,Yes
bede,william_byrd,Inst2Inst,No,No,No,No,No,No,Yes,Yes,No
bela_lugosi,actor,Pos,Yes,Yes,Yes,Yes,Yes,Yes,Yes,Yes,No
bela_lugosi,gray,Inst2Inst,No,No,No,No,No,No,Yes,Yes,No
bellingham,czestochowa,Inst2Inst,No,No,Yes,No,No,No,Yes,Yes,No
bellingham,town,Pos,Yes,Yes,No,Yes,Yes,No,Yes,Yes,Yes
ben_hogan,golfer,Pos,Yes,No,No,No,No,Yes,Yes,Yes,No
ben_hogan,pablo_picasso,Inst2Inst,No,No,No,No,No,No,Yes,Yes,No
benjamin_franklin,edmund_ironside,Inst2Inst,No,No,No,No,No,No,Yes,Yes,No
benjamin_franklin,printer,Pos,Yes,Yes,Yes,No,No,Yes,Yes,Yes,Yes
benjamin_franklin_bridge,carnegie_mellon_university,Inst2Inst,No,No,No,No,No,No,Yes,Yes,Yes
benjamin_franklin_bridge,suspension_bridge,Pos,Yes,Yes,Yes,No,No,Yes,Yes,Yes,No
benjamin_harrison,hammurabi,Inst2Inst,No,No,No,No,No,No,Yes,Yes,No
benjamin_harrison,president_of_the_united_states,Pos,Yes,Yes,Yes,No,No,Yes,Yes,Yes,No
bennington,messina,Inst2Inst,No,No,No,No,No,No,Yes,Yes,Yes
bennington,town,Pos,Yes,Yes,Yes,Yes,Yes,Yes,Yes,Yes,No
bergen,lagos,Inst2Inst,No,No,No,No,No,No,Yes,Yes,No
bergen,port,Pos,Yes,Yes,Yes,Yes,Yes,Yes,Yes,Yes,No
berkeley,city,Pos,Yes,Yes,Yes,Yes,Yes,No,Yes,Yes,Yes
berkeley,santiago_de_cuba,Inst2Inst,No,No,Yes,No,No,No,Yes,Yes,No
bernardo_bertolucci,bob_hope,Inst2Inst,No,No,No,No,No,No,Yes,Yes,No
bernardo_bertolucci,film_producer,Pos,Yes,Yes,Yes,Yes,Yes,Yes,Yes,Yes,No
beta_centauri,niger_river,Inst2Inst,No,No,No,No,No,No,Yes,Yes,No
beta_centauri,star,Pos,Yes,Yes,Yes,Yes,Yes,Yes,Yes,Yes,No
bloemfontein,city,Pos,Yes,Yes,Yes,Yes,Yes,Yes,Yes,Yes,No
bloemfontein,corpus_christi,Inst2Inst,No,No,No,No,No,No,Yes,Yes,Yes
book_of_mormon,epistle_to_the_ephesians,Inst2Inst,No,Yes,Yes,No,No,Yes,Yes,Yes,Yes
book_of_mormon,religious_text,Pos,Yes,Yes,Yes,Yes,Yes,Yes,Yes,Yes,No
bootes,constellation,Pos,Yes,Yes,Yes,Yes,Yes,Yes,Yes,Yes,Yes
bootes,strait_of_magellan,Inst2Inst,No,No,No,No,No,No,Yes,Yes,No
boris_karloff,actor,Pos,Yes,Yes,Yes,Yes,Yes,Yes,Yes,Yes,Yes
boris_karloff,wolfgang_amadeus_mozart,Inst2Inst,No,No,No,No,No,No,Yes,Yes,Yes
brasov,city,Pos,Yes,Yes,Yes,Yes,Yes,Yes,Yes,Yes,Yes
brasov,murmansk,Inst2Inst,No,No,No,No,No,No,Yes,Yes,No
brighton,city,Pos,Yes,Yes,Yes,Yes,Yes,Yes,Yes,Yes,No
brighton,nyala,Inst2Inst,No,No,No,No,No,No,Yes,Yes,Yes
brindisi,city,Pos,Yes,Yes,Yes,Yes,Yes,Yes,Yes,Yes,Yes
brindisi,durango,Inst2Inst,No,No,No,No,No,No,Yes,Yes,Yes
burroughs,carl_maria_von_weber,Inst2Inst,No,No,No,No,No,No,Yes,Yes,No
burroughs,inventor,Pos,Yes,Yes,Yes,No,No,No,Yes,Yes,No
cali,assam,Inst2Inst,No,No,Yes,No,No,No,Yes,Yes,No
cali,city,Pos,Yes,Yes,Yes,Yes,Yes,No,Yes,Yes,No
calliope,lewis_carroll,Inst2Inst,No,Yes,Yes,No,No,No,Yes,Yes,No
calliope,muse,Pos,Yes,Yes,Yes,No,Yes,Yes,Yes,Yes,No
canadian_river,carina,Inst2Inst,No,Yes,Yes,No,No,No,Yes,Yes,Yes
canadian_river,river,Pos,Yes,Yes,Yes,Yes,Yes,Yes,Yes,Yes,Yes
cancer,camelot,Inst2Inst,No,Yes,Yes,No,No,No,Yes,Yes,Yes
cancer,mansion,Pos,Yes,Yes,Yes,No,Yes,Yes,Yes,Yes,No
cannes,babylon,Inst2Inst,No,No,No,No,No,No,Yes,Yes,Yes
cannes,city,Pos,Yes,Yes,Yes,Yes,Yes,No,Yes,Yes,Yes
canute,king_of_england,Pos,Yes,Yes,Yes,No,No,No,Yes,Yes,Yes
canute,witold_gombrowicz,Inst2Inst,No,No,No,No,No,No,Yes,Yes,No
canute_the_great,king_of_england,Pos,Yes,Yes,Yes,No,No,Yes,Yes,Yes,No
canute_the_great,wilson,Inst2Inst,No,No,No,No,No,No,Yes,Yes,Yes
cape_breton_island,flagstaff,Inst2Inst,No,No,No,No,No,No,Yes,Yes,Yes
cape_breton_island,island,Pos,Yes,Yes,Yes,Yes,Yes,Yes,Yes,Yes,Yes
cape_sable,cape,Pos,Yes,Yes,Yes,Yes,Yes,Yes,Yes,Yes,No
cape_sable,tugela_falls,Inst2Inst,No,No,No,No,No,No,Yes,Yes,Yes
cape_town,port,Pos,Yes,Yes,Yes,Yes,Yes,Yes,Yes,Yes,Yes
cape_town,wind_cave_national_park,Inst2Inst,No,No,No,No,No,No,Yes,Yes,No
cape_york,cape,Pos,Yes,Yes,Yes,Yes,Yes,Yes,Yes,Yes,Yes
cape_york,lake_chelan,Inst2Inst,No,No,No,No,No,No,Yes,Yes,No
carina,american_falls,Inst2Inst,No,No,No,No,No,No,Yes,Yes,No
carina,constellation,Pos,Yes,Yes,Yes,Yes,Yes,Yes,Yes,Yes,No
carl_sandburg,jaroslav_hasek,Inst2Inst,No,No,No,No,No,No,Yes,Yes,Yes
carl_sandburg,writer,Pos,Yes,Yes,Yes,Yes,Yes,Yes,Yes,Yes,Yes
caroline_islands,archipelago,Pos,Yes,Yes,Yes,No,No,Yes,Yes,Yes,No
caroline_islands,wilmington,Inst2Inst,No,No,No,No,No,No,Yes,Yes,Yes
carpathian_mountains,hydra,Inst2Inst,No,No,No,No,No,No,Yes,Yes,No
carpathian_mountains,range,Pos,Yes,Yes,Yes,No,No,Yes,Yes,Yes,Yes
casablanca,gloucester,Inst2Inst,No,No,No,No,No,No,Yes,Yes,No
casablanca,port,Pos,Yes,Yes,Yes,Yes,Yes,Yes,Yes,Yes,No
cassius_marcellus_clay,gladiator,Pos,Yes,Yes,Yes,Yes,Yes,Yes,Yes,Yes,Yes
cassius_marcellus_clay,william_howard_taft,Inst2Inst,No,Yes,Yes,No,No,No,Yes,Yes,Yes
catalina_island,ephesus,Inst2Inst,No,No,No,No,No,No,Yes,Yes,No
catalina_island,island,Pos,Yes,Yes,Yes,Yes,Yes,Yes,Yes,Yes,No
catalonia,brest,Inst2Inst,No,No,No,No,No,No,Yes,Yes,No
catalonia,district,Pos,Yes,Yes,Yes,Yes,Yes,Yes,Yes,Yes,No
catherine_of_aragon,marc_blitzstein,Inst2Inst,No,No,No,No,No,No,Yes,Yes,No
catherine_of_aragon,wife,Pos,Yes,Yes,Yes,Yes,Yes,Yes,Yes,Yes,No
cetus,beta_crucis,Inst2Inst,No,Yes,Yes,No,No,Yes,Yes,Yes,Yes
cetus,constellation,Pos,Yes,Yes,Yes,Yes,Yes,Yes,Yes,Yes,No
charles_dana_gibson,illustrator,Pos,Yes,Yes,Yes,Yes,Yes,Yes,Yes,Yes,No
charles_dana_gibson,terence_rattigan,Inst2Inst,No,No,No,No,No,No,Yes,Yes,No
charles_kettering,engineer,Pos,Yes,Yes,Yes,Yes,Yes,Yes,Yes,Yes,No
charles_kettering,william_strickland,Inst2Inst,No,No,No,No,No,No,Yes,Yes,No
charleston,corinth,Inst2Inst,No,No,Yes,No,No,No,Yes,Yes,No
charleston,state_capital,Pos,Yes,Yes,Yes,No,No,Yes,Yes,Yes,Yes
charlotte_bronte,luchino_visconti,Inst2Inst,No,No,No,No,No,Yes,Yes,Yes,No
charlotte_bronte,writer,Pos,Yes,Yes,Yes,Yes,Yes,Yes,Yes,Yes,No
cheddar,brooklyn,Inst2Inst,No,No,No,No,No,No,Yes,Yes,No
cheddar,village,Pos,Yes,Yes,Yes,Yes,Yes,No,Yes,Yes,Yes
chula_vista,cape_town,Inst2Inst,No,No,No,No,No,No,Yes,Yes,Yes
chula_vista,city,Pos,Yes,Yes,Yes,Yes,Yes,Yes,Yes,Yes,No
ciudad_bolivar,port,Pos,Yes,Yes,Yes,Yes,Yes,Yes,Yes,Yes,Yes
ciudad_bolivar,tampere,Inst2Inst,No,No,No,No,No,No,Yes,Yes,No
clarence_day,tarquinius,Inst2Inst,No,No,No,No,No,No,Yes,Yes,Yes
clarence_day,writer,Pos,Yes,Yes,Yes,Yes,Yes,Yes,Yes,Yes,No
clarksburg,city,Pos,Yes,Yes,Yes,Yes,Yes,Yes,Yes,Yes,No
clarksburg,gujarat,Inst2Inst,No,No,No,No,No,No,Yes,Yes,No
claude_monet,isaac_bashevis_singer,Inst2Inst,No,No,No,No,No,No,Yes,Yes,No
claude_monet,painter,Pos,Yes,Yes,Yes,No,No,Yes,Yes,Yes,Yes
cleopatra,queen,Pos,Yes,Yes,No,No,Yes,Yes,Yes,Yes,No
cleopatra,robert_mills,Inst2Inst,No,No,No,No,No,No,Yes,Yes,No
clifford_odets,barnum,Inst2Inst,No,Yes,Yes,No,No,Yes,Yes,Yes,Yes
clifford_odets,playwright,Pos,Yes,Yes,Yes,Yes,Yes,Yes,Yes,Yes,Yes
coast_mountains,lake_michigan,Inst2Inst,No,No,Yes,No,No,No,Yes,Yes,Yes
coast_mountains,range,Pos,Yes,Yes,Yes,No,Yes,Yes,Yes,Yes,No
cologne,attica,Inst2Inst,No,No,Yes,No,No,No,Yes,Yes,Yes
cologne,city,Pos,Yes,Yes,Yes,Yes,Yes,Yes,Yes,Yes,Yes
colorado_desert,antigua_and_barbuda,Inst2Inst,No,No,No,No,No,No,Yes,Yes,No
colorado_desert,desert,Pos,Yes,Yes,Yes,Yes,Yes,Yes,Yes,Yes,Yes
columbus,city,Pos,Yes,Yes,Yes,Yes,Yes,No,Yes,Yes,Yes
columbus,kings_canyon_national_park,Inst2Inst,No,No,Yes,No,No,No,Yes,Yes,No
columbus,tanga,Inst2Inst,No,No,No,No,No,No,Yes,Yes,Yes
columbus,town,Pos,Yes,Yes,Yes,Yes,Yes,Yes,Yes,Yes,Yes
concord,antofagasta,Inst2Inst,No,Yes,No,No,No,No,Yes,Yes,No
concord,town,Pos,Yes,Yes,Yes,Yes,Yes,Yes,Yes,Yes,Yes
congo,colorado_plateau,Inst2Inst,No,No,No,No,No,No,Yes,Yes,No
congo,river,Pos,Yes,Yes,No,Yes,Yes,No,Yes,Yes,No
connecticut_river,limpopo,Inst2Inst,No,No,No,No,No,No,Yes,Yes,No
connecticut_river,river,Pos,Yes,Yes,Yes,Yes,Yes,Yes,Yes,Yes,No
constant_lambert,composer,Pos,Yes,Yes,Yes,Yes,Yes,Yes,Yes,Yes,No
constant_lambert,robert_burns,Inst2Inst,No,Yes,Yes,No,No,No,Yes,Yes,No
constantin_brancusi,frank_norris,Inst2Inst,No,No,No,No,No,No,Yes,Yes,No
constantin_brancusi,sculptor,Pos,Yes,Yes,Yes,No,No,No,Yes,Yes,No
constantinople,city,Pos,Yes,Yes,Yes,Yes,Yes,Yes,Yes,Yes,Yes
constantinople,fort_worth,Inst2Inst,No,No,No,No,No,No,Yes,Yes,Yes
cooper_union,stanford_university,Inst2Inst,No,No,No,No,No,No,Yes,Yes,Yes
cooper_union,university,Pos,Yes,Yes,No,Yes,Yes,Yes,Yes,Yes,Yes
cordova,city,Pos,Yes,Yes,Yes,Yes,Yes,No,Yes,Yes,Yes
cordova,hong_kong,Inst2Inst,No,No,No,No,No,No,Yes,Yes,No
creator,barnum,Inst2Inst,No,Yes,Yes,No,No,No,Yes,Yes,No
creator,god,Pos,Yes,Yes,Yes,No,Yes,No,Yes,Yes,No
crimean_war,corregidor,Inst2Inst,No,No,No,No,No,Yes,Yes,Yes,No
crimean_war,war,Pos,Yes,Yes,Yes,Yes,Yes,Yes,Yes,Yes,Yes
cronus,jay_cooke,Inst2Inst,No,No,No,No,No,No,Yes,Yes,Yes
cronus,titan,Pos,Yes,Yes,Yes,No,No,No,Yes,Yes,Yes
crow,big_dipper,Inst2Inst,No,No,Yes,No,No,No,Yes,Yes,Yes
crow,constellation,Pos,Yes,Yes,No,No,Yes,No,Yes,Yes,No
cyprus,bordeaux,Inst2Inst,No,No,No,No,No,No,Yes,Yes,Yes
cyprus,island,Pos,Yes,Yes,Yes,Yes,Yes,Yes,Yes,Yes,Yes
cyrus_the_great,jean_piaget,Inst2Inst,No,No,No,No,No,No,Yes,Yes,No
cyrus_the_great,king,Pos,Yes,Yes,Yes,No,No,Yes,Yes,Yes,No
daniel,michael_faraday,Inst2Inst,No,No,No,No,No,No,Yes,Yes,Yes
daniel,prophet,Pos,Yes,Yes,Yes,Yes,Yes,Yes,Yes,Yes,No
dar_es_salaam,jalalabad,Inst2Inst,No,No,No,No,No,No,Yes,Yes,Yes
dar_es_salaam,port,Pos,Yes,Yes,Yes,Yes,Yes,Yes,Yes,Yes,Yes
dardanelles,hays,Inst2Inst,No,No,No,No,No,No,Yes,Yes,Yes
dardanelles,strait,Pos,Yes,Yes,Yes,No,No,Yes,Yes,Yes,Yes
david,muhammad,Inst2Inst,No,Yes,Yes,Yes,Yes,Yes,Yes,Yes,Yes
david,painter,Pos,Yes,No,No,No,No,No,Yes,Yes,No
david_crockett,politician,Pos,Yes,Yes,Yes,Yes,Yes,No,Yes,Yes,No
david_crockett,saul,Inst2Inst,No,Yes,No,No,No,No,Yes,Yes,No
decatur,city,Pos,Yes,Yes,Yes,Yes,Yes,Yes,Yes,Yes,Yes
decatur,tangiers,Inst2Inst,No,No,No,No,No,No,Yes,Yes,Yes
demerara,colony,Pos,Yes,Yes,Yes,Yes,Yes,No,Yes,Yes,Yes
demerara,cyprus,Inst2Inst,No,No,No,No,No,No,Yes,Yes,No
dennis_gabor,alfred_noyes,Inst2Inst,No,No,Yes,No,No,No,Yes,Yes,No
dennis_gabor,physicist,Pos,Yes,Yes,Yes,Yes,Yes,Yes,Yes,Yes,Yes
des_moines,home_counties,Inst2Inst,No,No,No,No,No,No,Yes,Yes,Yes
des_moines,state_capital,Pos,Yes,Yes,No,No,No,Yes,Yes,Yes,Yes
dien_bien_phu,siege,Pos,Yes,Yes,Yes,Yes,Yes,Yes,Yes,Yes,Yes
dien_bien_phu,war_of_the_spanish_succession,Inst2Inst,No,No,No,No,No,Yes,Yes,Yes,No
diophantus,donato_bramante,Inst2Inst,No,No,Yes,No,No,No,Yes,Yes,Yes
diophantus,mathematician,Pos,Yes,Yes,Yes,Yes,Yes,Yes,Yes,Yes,Yes
disraeli,percy,Inst2Inst,No,No,Yes,No,No,No,Yes,Yes,Yes
disraeli,statesman,Pos,Yes,Yes,Yes,Yes,Yes,Yes,Yes,Yes,No
doha,port,Pos,Yes,Yes,Yes,Yes,Yes,Yes,Yes,Yes,Yes
doha,wake_island,Inst2Inst,No,No,No,No,No,No,Yes,Yes,No
donato_bramante,architect,Pos,Yes,Yes,Yes,Yes,Yes,Yes,Yes,Yes,Yes
donato_bramante,igor_stravinsky,Inst2Inst,No,No,No,No,No,No,Yes,Yes,No
dorothea_dix,crusader,Pos,Yes,Yes,Yes,Yes,Yes,No,Yes,Yes,No
dorothea_dix,meade,Inst2Inst,No,Yes,No,No,No,No,Yes,Yes,Yes
dubrovnik,argos,Inst2Inst,No,No,No,No,No,No,Yes,Yes,No
dubrovnik,port,Pos,Yes,Yes,Yes,Yes,Yes,Yes,Yes,Yes,No
duke_of_marlborough,general,Pos,Yes,Yes,Yes,Yes,Yes,Yes,Yes,Yes,Yes
duke_of_marlborough,sinbad_the_sailor,Inst2Inst,No,No,No,No,No,No,Yes,Yes,No
duke_of_windsor,king_of_england,Pos,Yes,Yes,Yes,No,No,Yes,Yes,Yes,No
duke_of_windsor,wilhelm_eduard_weber,Inst2Inst,No,No,No,No,No,No,Yes,Yes,No
dunkirk,town,Pos,Yes,Yes,Yes,Yes,Yes,No,Yes,Yes,No
dunkirk,west_yorkshire,Inst2Inst,No,No,No,No,No,No,Yes,Yes,No
dustin_hoffman,actor,Pos,Yes,Yes,Yes,Yes,Yes,Yes,Yes,Yes,Yes
dustin_hoffman,dutch_leonard,Inst2Inst,No,Yes,Yes,No,No,No,Yes,Yes,No
earl_warren,browning,Inst2Inst,No,No,No,No,No,No,Yes,Yes,No
earl_warren,chief_justice,Pos,Yes,Yes,Yes,Yes,Yes,Yes,Yes,Yes,No
edgar_lee_masters,grey,Inst2Inst,No,No,No,No,No,No,Yes,Yes,No
edgar_lee_masters,poet,Pos,Yes,Yes,Yes,Yes,Yes,Yes,Yes,Yes,Yes
edgar_wallace,richard_brinsley_sheridan,Inst2Inst,No,Yes,No,No,No,No,Yes,Yes,No
edgar_wallace,writer,Pos,Yes,Yes,Yes,Yes,Yes,Yes,Yes,Yes,No
edith_wharton,spencer_tracy,Inst2Inst,No,No,No,No,No,No,Yes,Yes,Yes
edith_wharton,writer,Pos,Yes,Yes,Yes,Yes,Yes,Yes,Yes,Yes,No
edmond_rostand,booth,Inst2Inst,No,No,No,No,No,No,Yes,Yes,Yes
edmond_rostand,playwright,Pos,Yes,Yes,Yes,Yes,Yes,Yes,Yes,Yes,Yes
edmond_rostand,poet,Pos,Yes,Yes,Yes,Yes,Yes,Yes,Yes,Yes,No
edmond_rostand,te_kanawa,Inst2Inst,No,No,No,No,No,No,Yes,Yes,No
eleanor_roosevelt,bede,Inst2Inst,No,No,No,No,No,No,Yes,Yes,No
eleanor_roosevelt,writer,Pos,Yes,Yes,Yes,Yes,Yes,Yes,Yes,Yes,No
elmer_ambrose_sperry,inventor,Pos,Yes,Yes,Yes,No,No,Yes,Yes,Yes,Yes
elmer_ambrose_sperry,renata_tebaldi,Inst2Inst,No,No,No,No,No,No,Yes,Yes,Yes
elsa_schiaparelli,fashion_designer,Pos,Yes,Yes,Yes,No,Yes,Yes,Yes,Yes,Yes
elsa_schiaparelli,varese,Inst2Inst,No,No,No,No,No,No,Yes,Yes,Yes
emily_post,saint_boniface,Inst2Inst,No,No,No,No,No,No,Yes,Yes,No
emily_post,writer,Pos,Yes,Yes,Yes,Yes,Yes,Yes,Yes,Yes,Yes
enid,luoyang,Inst2Inst,No,No,No,No,No,No,Yes,Yes,No
enid,town,Pos,Yes,Yes,Yes,Yes,Yes,Yes,Yes,Yes,No
entebbe,town,Pos,Yes,Yes,Yes,Yes,Yes,No,Yes,Yes,No
entebbe,vidalia,Inst2Inst,No,No,No,No,No,No,Yes,Yes,No
eocene,epoch,Pos,Yes,Yes,Yes,Yes,Yes,Yes,Yes,Yes,No
eocene,proterozoic,Inst2Inst,No,Yes,No,No,No,Yes,Yes,Yes,Yes
epistle_to_the_galatians,avesta,Inst2Inst,No,Yes,Yes,No,No,No,Yes,Yes,Yes
epistle_to_the_galatians,epistle,Pos,Yes,Yes,No,Yes,No,Yes,Yes,Yes,No
ernest_bevin,daniel,Inst2Inst,No,No,No,No,No,No,Yes,Yes,No
ernest_bevin,statesman,Pos,Yes,Yes,Yes,Yes,Yes,Yes,Yes,Yes,No
ernst_lubitsch,anne_bradstreet,Inst2Inst,No,No,No,No,No,No,Yes,Yes,No
ernst_lubitsch,film_producer,Pos,Yes,Yes,Yes,Yes,Yes,Yes,Yes,Yes,Yes
ernst_ludwig_kirchner,painter,Pos,Yes,Yes,Yes,No,No,Yes,Yes,Yes,No
ernst_ludwig_kirchner,saint_bruno,Inst2Inst,No,No,No,No,No,No,Yes,Yes,No
eusebius_of_caesarea,bishop,Pos,Yes,Yes,Yes,Yes,Yes,Yes,Yes,Yes,No
eusebius_of_caesarea,winston_churchill,Inst2Inst,No,No,No,No,No,No,Yes,Yes,Yes
evelyn_waugh,wilhelm_ostwald,Inst2Inst,No,No,No,No,No,No,Yes,Yes,Yes
evelyn_waugh,writer,Pos,Yes,Yes,Yes,Yes,Yes,Yes,Yes,Yes,No
ezekiel,joan_sutherland,Inst2Inst,No,No,No,No,No,No,Yes,Yes,Yes
ezekiel,prophet,Pos,Yes,Yes,Yes,Yes,Yes,Yes,Yes,Yes,No
falkland_islands,island,Pos,Yes,Yes,Yes,Yes,Yes,Yes,Yes,Yes,No
falkland_islands,italian_peninsula,Inst2Inst,No,No,No,No,No,No,Yes,Yes,Yes
farrell,lee_trevino,Inst2Inst,No,No,No,No,No,No,Yes,Yes,Yes
farrell,writer,Pos,Yes,Yes,Yes,Yes,Yes,No,Yes,Yes,No
fats_domino,francois_mitterrand,Inst2Inst,No,No,No,No,No,No,Yes,Yes,No
fats_domino,songwriter,Pos,Yes,Yes,Yes,Yes,Yes,Yes,Yes,Yes,Yes
fitzgerald,canute_the_great,Inst2Inst,No,No,No,No,No,No,Yes,Yes,No
fitzgerald,writer,Pos,Yes,Yes,Yes,Yes,Yes,No,Yes,Yes,Yes
ford,martin,Inst2Inst,No,No,No,No,No,No,Yes,Yes,Yes
ford,writer,Pos,Yes,Yes,Yes,Yes,Yes,No,Yes,Yes,Yes
francis_galton,rainer_maria_rilke,Inst2Inst,No,No,No,No,No,No,Yes,Yes,Yes
francis_galton,scientist,Pos,Yes,Yes,Yes,Yes,Yes,Yes,Yes,Yes,Yes
francis_of_assisi,ernest_rutherford,Inst2Inst,No,No,Yes,No,No,No,Yes,Yes,No
francis_of_assisi,saint,Pos,Yes,Yes,Yes,No,No,Yes,Yes,Yes,No
francois_duvalier,averroes,Inst2Inst,No,No,Yes,No,No,No,Yes,Yes,No
francois_duvalier,dictator,Pos,Yes,Yes,Yes,No,Yes,Yes,Yes,Yes,No
frank_capra,film_producer,Pos,Yes,Yes,Yes,Yes,Yes,Yes,Yes,Yes,No
frank_capra,mary_magdalene,Inst2Inst,No,No,No,No,No,No,Yes,Yes,No
french,morse,Inst2Inst,No,No,No,No,No,No,Yes,Yes,No
french,sculptor,Pos,Yes,Yes,Yes,No,No,No,Yes,Yes,No
french_revolution,cuban_revolution,Inst2Inst,No,No,No,No,No,Yes,Yes,Yes,No
french_revolution,revolution,Pos,Yes,Yes,Yes,Yes,Yes,Yes,Yes,Yes,Yes
gadsden,tianjin,Inst2Inst,No,No,No,No,No,No,Yes,Yes,No
gadsden,town,Pos,Yes,Yes,Yes,Yes,Yes,Yes,Yes,Yes,Yes
galileo_galilei,astronomer,Pos,Yes,Yes,Yes,Yes,Yes,Yes,Yes,Yes,Yes
galileo_galilei,sir_thomas_more,Inst2Inst,No,No,No,No,No,Yes,Yes,Yes,Yes
gauss,mathematician,Pos,Yes,Yes,Yes,Yes,Yes,No,Yes,Yes,Yes
gauss,robert_peel,Inst2Inst,No,No,No,No,No,No,Yes,Yes,No
gdansk,nubian_desert,Inst2Inst,No,No,Yes,No,No,No,Yes,Yes,Yes
gdansk,port,Pos,Yes,Yes,Yes,Yes,Yes,Yes,Yes,Yes,No
gemara,religious_text,Pos,Yes,Yes,Yes,Yes,Yes,Yes,Yes,Yes,Yes
gemara,revised_standard_version,Inst2Inst,No,Yes,Yes,No,No,Yes,Yes,Yes,Yes
gemini,constellation,Pos,Yes,Yes,Yes,No,Yes,Yes,Yes,Yes,No
gemini,ophiuchus,Inst2Inst,No,Yes,Yes,No,No,Yes,Yes,Yes,Yes
gent,city,Pos,Yes,Yes,Yes,Yes,Yes,No,Yes,Yes,No
gent,morgantown,Inst2Inst,No,No,No,No,No,No,Yes,Yes,No
george_du_maurier,illustrator,Pos,Yes,Yes,No,Yes,Yes,Yes,Yes,Yes,No
george_du_maurier,jenny,Inst2Inst,No,No,No,No,No,No,Yes,Yes,No
george_eastman,grey,Inst2Inst,No,No,No,No,Yes,No,Yes,Yes,No
george_eastman,inventor,Pos,Yes,Yes,Yes,No,No,Yes,Yes,Yes,Yes
george_orwell,tallis,Inst2Inst,No,No,No,No,No,No,Yes,Yes,No
george_orwell,writer,Pos,Yes,Yes,Yes,Yes,Yes,Yes,Yes,Yes,No
george_stevens,edmond_rostand,Inst2Inst,No,No,Yes,No,No,No,Yes,Yes,Yes
george_stevens,film_producer,Pos,Yes,Yes,Yes,Yes,Yes,Yes,Yes,Yes,No
georges_braque,lionel_hampton,Inst2Inst,No,No,No,No,No,No,Yes,Yes,Yes
georges_braque,painter,Pos,Yes,Yes,Yes,No,No,Yes,Yes,Yes,Yes
gerard_kuiper,astronomer,Pos,Yes,Yes,Yes,Yes,Yes,Yes,Yes,Yes,No
gerard_kuiper,eero_saarinen,Inst2Inst,No,No,No,No,No,No,Yes,Yes,No
gianni_versace,fashion_designer,Pos,Yes,Yes,Yes,No,No,Yes,Yes,Yes,No
gianni_versace,ken_kesey,Inst2Inst,No,No,No,No,No,No,Yes,Yes,Yes
gibraltar,asuncion,Inst2Inst,No,No,No,No,No,No,Yes,Yes,Yes
gibraltar,colony,Pos,Yes,Yes,No,Yes,Yes,Yes,Yes,Yes,No
giovanni_da_verrazano,george_eastman,Inst2Inst,No,No,No,No,No,No,Yes,Yes,No
giovanni_da_verrazano,navigator,Pos,Yes,Yes,Yes,Yes,Yes,Yes,Yes,Yes,No
giza,city,Pos,Yes,Yes,Yes,Yes,Yes,Yes,Yes,Yes,No
giza,flint,Inst2Inst,No,Yes,Yes,No,No,No,Yes,Yes,Yes
gloucester,city,Pos,Yes,Yes,Yes,Yes,Yes,Yes,Yes,Yes,No
gloucester,negev,Inst2Inst,No,No,No,No,No,No,Yes,Yes,Yes
goddard,henry_cavendish,Inst2Inst,No,No,No,No,No,Yes,Yes,Yes,Yes
goddard,physicist,Pos,Yes,Yes,Yes,Yes,Yes,Yes,Yes,Yes,Yes
golden_gate_bridge,brooklyn_bridge,Inst2Inst,No,Yes,No,No,No,Yes,Yes,Yes,No
golden_gate_bridge,suspension_bridge,Pos,Yes,Yes,Yes,No,No,Yes,Yes,Yes,No
grand_teton_national_park,hertfordshire,Inst2Inst,No,No,No,No,No,No,Yes,Yes,Yes
grand_teton_national_park,national_park,Pos,Yes,Yes,No,Yes,Yes,Yes,Yes,Yes,No
great_smoky_mountains,alaska_peninsula,Inst2Inst,No,No,No,No,No,No,Yes,Yes,No
great_smoky_mountains,range,Pos,Yes,Yes,Yes,No,No,Yes,Yes,Yes,Yes
green_bay,city,Pos,Yes,Yes,Yes,Yes,Yes,Yes,Yes,Yes,No
green_bay,cotopaxi,Inst2Inst,No,No,Yes,No,No,No,Yes,Yes,No
guangzhou,marquesas_islands,Inst2Inst,No,No,No,No,No,No,Yes,Yes,Yes
guangzhou,port,Pos,Yes,Yes,Yes,Yes,Yes,Yes,Yes,Yes,Yes
guayaquil,bristol,Inst2Inst,No,No,No,No,No,No,Yes,Yes,Yes
guayaquil,city,Pos,Yes,Yes,Yes,Yes,Yes,Yes,Yes,Yes,Yes
gulf_of_suez,buzzards_bay,Inst2Inst,No,No,No,No,No,No,Yes,Yes,No
gulf_of_suez,gulf,Pos,Yes,Yes,Yes,No,No,Yes,Yes,Yes,No
gulf_of_tehuantepec,gulf,Pos,Yes,Yes,Yes,No,No,Yes,Yes,Yes,No
gulf_of_tehuantepec,keuka_lake,Inst2Inst,No,No,No,No,No,No,Yes,Yes,Yes
hadean,caliphate,Inst2Inst,No,Yes,Yes,Yes,Yes,No,Yes,Yes,Yes
hadean,eon,Pos,Yes,Yes,No,Yes,Yes,Yes,Yes,Yes,Yes
haiti,country,Pos,Yes,Yes,No,Yes,Yes,Yes,Yes,Yes,No
haiti,mauritius,Inst2Inst,No,No,No,No,No,No,Yes,Yes,No
hale,astronomer,Pos,Yes,Yes,Yes,Yes,Yes,No,Yes,Yes,Yes
hale,noel_coward,Inst2Inst,No,No,No,No,No,No,Yes,Yes,No
halicarnassus,city,Pos,Yes,Yes,Yes,Yes,Yes,No,Yes,Yes,Yes
halicarnassus,kingston,Inst2Inst,No,No,No,No,No,No,Yes,Yes,No
hall,psychologist,Pos,Yes,Yes,Yes,Yes,Yes,Yes,Yes,Yes,No
hall,william_gilbert,Inst2Inst,No,No,No,No,No,No,Yes,Yes,No
halle,city,Pos,Yes,Yes,Yes,Yes,Yes,Yes,Yes,Yes,No
halle,santiago_de_los_caballeros,Inst2Inst,No,No,No,No,No,No,Yes,Yes,Yes
ham,gunter_grass,Inst2Inst,No,No,No,No,No,No,Yes,Yes,Yes
ham,man,Pos,Yes,Yes,Yes,Yes,Yes,No,Yes,Yes,Yes
hamelin,lobito,Inst2Inst,No,No,No,No,No,No,Yes,Yes,No
hamelin,town,Pos,Yes,Yes,Yes,Yes,Yes,No,Yes,Yes,No
hangzhou_bay,bay,Pos,Yes,Yes,Yes,Yes,Yes,Yes,Yes,Yes,Yes
hangzhou_bay,persian_gulf,Inst2Inst,No,Yes,No,No,No,No,Yes,Yes,No
hans_christian_andersen,pieter_brueghel_the_elder,Inst2Inst,No,Yes,Yes,No,No,No,Yes,Yes,Yes
hans_christian_andersen,writer,Pos,Yes,Yes,Yes,Yes,Yes,Yes,Yes,Yes,Yes
harold_harefoot,king_of_england,Pos,Yes,Yes,Yes,No,No,Yes,Yes,Yes,No
harold_harefoot,thomas_nelson_page,Inst2Inst,No,No,No,No,No,No,Yes,Yes,No
harry_lauder,comedian,Pos,Yes,Yes,Yes,Yes,Yes,Yes,Yes,Yes,Yes
harry_lauder,gray,Inst2Inst,No,No,No,No,No,No,Yes,Yes,Yes
hart,coward,Inst2Inst,No,No,No,No,No,No,Yes,Yes,No
hart,lyricist,Pos,Yes,Yes,No,Yes,Yes,Yes,Yes,Yes,No
hastings,hiroshima,Inst2Inst,No,No,No,No,No,No,Yes,Yes,Yes
hastings,town,Pos,Yes,Yes,Yes,Yes,Yes,Yes,Yes,Yes,Yes
henri_becquerel,gerard_kuiper,Inst2Inst,No,Yes,No,No,No,Yes,Yes,Yes,No
henri_becquerel,physicist,Pos,Yes,Yes,Yes,Yes,Yes,Yes,Yes,Yes,No
henri_rousseau,millard_fillmore,Inst2Inst,No,No,Yes,No,No,No,Yes,Yes,Yes
henri_rousseau,painter,Pos,Yes,Yes,Yes,Yes,Yes,Yes,Yes,Yes,No
henry_cavendish,physicist,Pos,Yes,Yes,Yes,Yes,Yes,Yes,Yes,Yes,No
henry_cavendish,tacitus,Inst2Inst,No,No,No,No,No,Yes,Yes,Yes,No
henry_fielding,gauss,Inst2Inst,No,No,No,No,No,No,Yes,Yes,Yes
henry_fielding,writer,Pos,Yes,Yes,Yes,Yes,Yes,Yes,Yes,Yes,No
herman_melville,wilson,Inst2Inst,No,No,No,No,No,No,Yes,Yes,No
herman_melville,writer,Pos,Yes,Yes,Yes,Yes,Yes,Yes,Yes,Yes,No
hermann_goring,bluebeard,Inst2Inst,No,No,No,No,No,No,Yes,Yes,No
hermann_goring,nazi,Pos,Yes,Yes,No,No,No,Yes,Yes,Yes,Yes
hero,clark,Inst2Inst,No,No,No,No,No,No,Yes,Yes,Yes
hero,mathematician,Pos,Yes,Yes,Yes,Yes,Yes,No,Yes,Yes,No
hess,pianist,Pos,Yes,No,No,Yes,Yes,No,Yes,Yes,No
hess,robert_mitchum,Inst2Inst,No,No,No,No,No,No,Yes,Yes,No
hindu_kush,garonne,Inst2Inst,No,No,No,No,No,No,Yes,Yes,No
hindu_kush,range,Pos,Yes,Yes,Yes,No,No,Yes,Yes,Yes,No
ho_chi_minh_city,city,Pos,Yes,Yes,Yes,Yes,Yes,Yes,Yes,Yes,Yes
ho_chi_minh_city,gallup,Inst2Inst,No,No,No,No,No,No,Yes,Yes,No
honolulu,guangzhou,Inst2Inst,No,No,No,No,No,No,Yes,Yes,Yes
honolulu,port,Pos,Yes,Yes,Yes,Yes,Yes,Yes,Yes,Yes,No
hoover,claude_monet,Inst2Inst,No,No,No,No,No,No,Yes,Yes,Yes
hoover,lawyer,Pos,Yes,Yes,Yes,Yes,Yes,Yes,Yes,Yes,Yes
hosea,marcus_aurelius,Inst2Inst,No,Yes,No,No,No,No,Yes,Yes,No
hosea,prophet,Pos,Yes,Yes,Yes,Yes,Yes,Yes,Yes,Yes,Yes
housatonic_river,river,Pos,Yes,Yes,Yes,Yes,Yes,Yes,Yes,Yes,No
housatonic_river,san_fernando_valley,Inst2Inst,No,No,No,No,No,No,Yes,Yes,Yes
houston,campeche,Inst2Inst,No,No,No,No,No,No,Yes,Yes,Yes
houston,city,Pos,Yes,Yes,Yes,Yes,Yes,Yes,Yes,Yes,No
howard_lindsay,hannibal,Inst2Inst,No,Yes,Yes,No,No,No,Yes,Yes,No
howard_lindsay,playwright,Pos,Yes,Yes,Yes,Yes,Yes,Yes,Yes,Yes,No
huckleberry_finn,fictional_character,Pos,Yes,Yes,Yes,Yes,Yes,Yes,Yes,Yes,No
huckleberry_finn,robert_burns_woodward,Inst2Inst,No,No,No,No,No,No,Yes,Yes,Yes
huntington,ardennes,Inst2Inst,No,No,No,No,No,No,Yes,Yes,Yes
huntington,city,Pos,Yes,Yes,Yes,Yes,Yes,No,Yes,Yes,Yes
hydrus,constellation,Pos,Yes,Yes,Yes,Yes,Yes,Yes,Yes,Yes,No
hydrus,delphinus,Inst2Inst,No,No,No,No,No,Yes,Yes,Yes,Yes
iceland,island,Pos,Yes,Yes,Yes,Yes,Yes,Yes,Yes,Yes,Yes
iceland,solingen,Inst2Inst,No,No,No,No,No,No,Yes,Yes,Yes
ignatius_of_loyola,georges_braque,Inst2Inst,No,No,No,No,No,No,Yes,Yes,No
ignatius_of_loyola,saint,Pos,Yes,Yes,Yes,No,No,Yes,Yes,Yes,No
incheon,city,Pos,Yes,Yes,Yes,Yes,Yes,Yes,Yes,Yes,No
incheon,houghton,Inst2Inst,No,No,No,No,No,No,Yes,Yes,No
ionian_sea,sacramento_mountains,Inst2Inst,No,No,No,No,No,No,Yes,Yes,No
ionian_sea,sea,Pos,Yes,Yes,Yes,Yes,Yes,Yes,Yes,Yes,Yes
irenaeus,israel_zangwill,Inst2Inst,No,Yes,Yes,No,No,Yes,Yes,Yes,No
irenaeus,saint,Pos,Yes,Yes,Yes,No,No,Yes,Yes,Yes,No
isle_of_man,island,Pos,Yes,Yes,Yes,Yes,Yes,Yes,Yes,Yes,Yes
isle_of_man,semarang,Inst2Inst,No,No,No,No,No,No,Yes,Yes,No
jacobs,doctor,Pos,Yes,Yes,Yes,No,No,No,Yes,Yes,No
jacobs,polyhymnia,Inst2Inst,No,Yes,Yes,No,No,No,Yes,Yes,No
jacqueline_cochran,aviator,Pos,Yes,Yes,Yes,Yes,Yes,Yes,Yes,Yes,Yes
jacqueline_cochran,pompey,Inst2Inst,No,No,No,No,No,No,Yes,Yes,Yes
jacques_marquette,eli_whitney,Inst2Inst,No,Yes,Yes,No,No,No,Yes,Yes,Yes
jacques_marquette,missionary,Pos,Yes,Yes,Yes,Yes,Yes,Yes,Yes,Yes,No
james_clerk_maxwell,adam_smith,Inst2Inst,No,Yes,Yes,No,No,No,Yes,Yes,Yes
james_clerk_maxwell,physicist,Pos,Yes,Yes,Yes,Yes,Yes,Yes,Yes,Yes,No
james_mason,actor,Pos,Yes,Yes,Yes,Yes,Yes,Yes,Yes,Yes,No
james_mason,tristan_tzara,Inst2Inst,No,No,No,No,No,No,Yes,Yes,Yes
james_mckeen_cattell,edvard_grieg,Inst2Inst,No,No,Yes,No,No,No,Yes,Yes,No
james_mckeen_cattell,psychologist,Pos,Yes,Yes,Yes,Yes,Yes,Yes,Yes,Yes,Yes
jasper_johns,artist,Pos,Yes,Yes,Yes,Yes,Yes,Yes,Yes,Yes,Yes
jasper_johns,john_chrysostom,Inst2Inst,No,No,No,No,No,No,Yes,Yes,No
jean_francois_millet,calliope,Inst2Inst,No,Yes,Yes,No,No,Yes,Yes,Yes,Yes
jean_francois_millet,painter,Pos,Yes,Yes,Yes,Yes,Yes,Yes,Yes,Yes,No
jimmy_carter,charles_goodyear,Inst2Inst,No,Yes,Yes,No,No,No,Yes,Yes,Yes
jimmy_carter,president_of_the_united_states,Pos,Yes,Yes,Yes,No,No,Yes,Yes,Yes,Yes
jimmy_stewart,actor,Pos,Yes,Yes,Yes,Yes,Yes,No,Yes,Yes,Yes
jimmy_stewart,winfield_scott,Inst2Inst,No,No,No,No,No,No,Yes,Yes,Yes
john_adams,diophantus,Inst2Inst,No,No,No,No,No,No,Yes,Yes,Yes
john_adams,president_of_the_united_states,Pos,Yes,Yes,Yes,No,No,Yes,Yes,Yes,No
john_barth,eratosthenes,Inst2Inst,No,No,No,No,No,No,Yes,Yes,Yes
john_barth,writer,Pos,Yes,Yes,Yes,Yes,Yes,Yes,Yes,Yes,No
john_chrysostom,ferdinand_de_lesseps,Inst2Inst,No,No,No,No,No,No,Yes,Yes,Yes
john_chrysostom,saint,Pos,Yes,Yes,Yes,No,Yes,Yes,Yes,Yes,No
john_cowper_powys,frederick_delius,Inst2Inst,No,No,Yes,No,No,Yes,Yes,Yes,Yes
john_cowper_powys,writer,Pos,Yes,Yes,Yes,Yes,Yes,Yes,Yes,Yes,No
john_huston,film_producer,Pos,Yes,Yes,Yes,Yes,Yes,Yes,Yes,Yes,Yes
john_huston,gibbs,Inst2Inst,No,No,No,No,No,No,Yes,Yes,Yes
john_lennon,menachem_begin,Inst2Inst,No,No,No,No,No,No,Yes,Yes,Yes
john_lennon,songwriter,Pos,Yes,Yes,Yes,Yes,Yes,Yes,Yes,Yes,No
john_major,jean_genet,Inst2Inst,No,No,No,No,No,No,Yes,Yes,Yes
john_major,statesman,Pos,Yes,Yes,Yes,Yes,Yes,Yes,Yes,Yes,No
john_maynard_keynes,economist,Pos,Yes,Yes,Yes,Yes,Yes,Yes,Yes,Yes,Yes
john_maynard_keynes,oceanus,Inst2Inst,No,Yes,No,No,No,No,Yes,Yes,No
john_the_evangelist,saint,Pos,Yes,Yes,Yes,Yes,No,Yes,Yes,Yes,Yes
john_the_evangelist,turner,Inst2Inst,No,No,No,No,No,No,Yes,Yes,Yes
john_von_neumann,mathematician,Pos,Yes,Yes,Yes,Yes,Yes,Yes,Yes,Yes,No
john_von_neumann,pedro_calderon_de_la_barca,Inst2Inst,No,No,No,No,No,No,Yes,Yes,No
jonah,edward_calvin_kendall,Inst2Inst,No,No,No,No,No,No,Yes,Yes,Yes
jonah,prophet,Pos,Yes,Yes,Yes,Yes,Yes,Yes,Yes,Yes,No
josef_von_sternberg,film_producer,Pos,Yes,Yes,Yes,Yes,Yes,Yes,Yes,Yes,No
josef_von_sternberg,william_jennings_bryan,Inst2Inst,No,No,No,No,No,No,Yes,Yes,No
joseph_joachim,fiddler,Pos,Yes,Yes,Yes,No,No,Yes,Yes,Yes,No
joseph_joachim,walter_mitty,Inst2Inst,No,No,No,No,No,No,Yes,Yes,Yes
judas_iscariot,apostle,Pos,Yes,Yes,Yes,Yes,Yes,Yes,Yes,Yes,Yes
judas_iscariot,robert_gray,Inst2Inst,No,Yes,Yes,No,No,No,Yes,Yes,No
kara_sea,sea,Pos,Yes,Yes,Yes,Yes,Yes,Yes,Yes,Yes,Yes
kara_sea,tiber,Inst2Inst,No,No,No,No,No,No,Yes,Yes,No
karnataka,arabian_desert,Inst2Inst,No,No,No,No,No,No,Yes,Yes,No
karnataka,state,Pos,Yes,Yes,No,Yes,Yes,Yes,Yes,Yes,Yes
kasai_river,north_america,Inst2Inst,No,Yes,No,No,No,No,Yes,Yes,No
kasai_river,river,Pos,Yes,Yes,Yes,Yes,Yes,Yes,Yes,Yes,Yes
kaufman,max_planck,Inst2Inst,No,No,No,No,No,No,Yes,Yes,Yes
kaufman,playwright,Pos,Yes,Yes,No,Yes,Yes,No,Yes,Yes,Yes
kay_boyle,gene_kelly,Inst2Inst,No,No,No,No,No,No,Yes,Yes,Yes
kay_boyle,writer,Pos,Yes,Yes,Yes,Yes,Yes,Yes,Yes,Yes,Yes
kennewick,nyala,Inst2Inst,No,No,No,No,No,No,Yes,Yes,Yes
kennewick,town,Pos,Yes,Yes,Yes,Yes,Yes,Yes,Yes,Yes,Yes
kid,marks,Inst2Inst,No,Yes,No,No,No,No,Yes,Yes,Yes
kid,playwright,Pos,Yes,Yes,Yes,Yes,Yes,No,Yes,Yes,No
klamath_falls,massawa,Inst2Inst,No,No,No,No,No,No,Yes,Yes,No
klamath_falls,town,Pos,Yes,Yes,Yes,Yes,Yes,Yes,Yes,Yes,No
krakow,city,Pos,Yes,Yes,Yes,Yes,Yes,Yes,Yes,Yes,Yes
krakow,palo_alto,Inst2Inst,No,No,No,No,No,No,Yes,Yes,No
kursk,city,Pos,Yes,Yes,Yes,Yes,Yes,Yes,Yes,Yes,No
kursk,valenciennes,Inst2Inst,No,No,No,No,No,No,Yes,Yes,No
kyoto,city,Pos,Yes,Yes,Yes,Yes,Yes,Yes,Yes,Yes,Yes
kyoto,princeton,Inst2Inst,No,No,No,No,No,No,Yes,Yes,Yes
la_spezia,city,Pos,Yes,Yes,Yes,Yes,Yes,Yes,Yes,Yes,No
la_spezia,naseby,Inst2Inst,No,No,No,No,No,No,Yes,Yes,No
lake_constance,lake,Pos,Yes,Yes,Yes,No,No,Yes,Yes,Yes,No
lake_constance,mount_carmel,Inst2Inst,No,No,No,No,No,No,Yes,Yes,No
lake_malawi,kanawha_river,Inst2Inst,No,No,No,No,No,No,Yes,Yes,No
lake_malawi,lake,Pos,Yes,Yes,Yes,No,Yes,Yes,Yes,Yes,Yes
lasso,composer,Pos,Yes,No,No,Yes,Yes,No,Yes,Yes,Yes
lasso,shel_silverstein,Inst2Inst,No,No,No,No,No,No,Yes,Yes,No
latakia,aspinwall,Inst2Inst,No,No,No,No,No,No,Yes,Yes,Yes
latakia,port,Pos,Yes,Yes,Yes,Yes,Yes,Yes,Yes,Yes,Yes
lausanne,city,Pos,Yes,Yes,Yes,Yes,Yes,Yes,Yes,Yes,No
lausanne,hershey,Inst2Inst,No,No,Yes,No,No,No,Yes,Yes,No
lawrence,george_marshall,Inst2Inst,No,No,Yes,No,No,No,Yes,Yes,Yes
lawrence,martyr,Pos,Yes,No,No,Yes,Yes,Yes,Yes,Yes,Yes
lawrence_of_arabia,william_byrd,Inst2Inst,No,No,No,No,No,No,Yes,Yes,Yes
lawrence_of_arabia,writer,Pos,Yes,Yes,Yes,Yes,Yes,Yes,Yes,Yes,Yes
laws,quran,Inst2Inst,No,No,No,Yes,Yes,No,Yes,Yes,Yes
laws,religious_text,Pos,Yes,No,No,Yes,Yes,No,Yes,Yes,Yes
lees,general,Pos,Yes,Yes,Yes,Yes,Yes,No,Yes,Yes,Yes
lees,william_byrd,Inst2Inst,No,No,No,No,No,No,Yes,Yes,Yes
lehigh_river,river,Pos,Yes,Yes,Yes,Yes,Yes,Yes,Yes,Yes,No
lehigh_river,trent_river,Inst2Inst,No,No,No,No,No,Yes,Yes,Yes,No
leicestershire,county,Pos,Yes,No,No,Yes,Yes,Yes,Yes,Yes,Yes
leicestershire,patagonian_desert,Inst2Inst,No,No,Yes,No,No,No,Yes,Yes,Yes
leipzig,bordeaux,Inst2Inst,No,No,No,No,No,No,Yes,Yes,Yes
leipzig,city,Pos,Yes,Yes,Yes,Yes,Yes,Yes,Yes,Yes,No
leontyne_price,bela_bartok,Inst2Inst,No,Yes,Yes,No,No,Yes,Yes,Yes,No
leontyne_price,soprano,Pos,Yes,Yes,Yes,No,No,Yes,Yes,Yes,Yes
lesser_antilles,archipelago,Pos,Yes,Yes,Yes,No,No,Yes,Yes,Yes,No
lesser_antilles,atlantic_city,Inst2Inst,No,No,No,No,No,No,Yes,Yes,No
levis,evangelist,Pos,Yes,Yes,Yes,Yes,Yes,Yes,Yes,Yes,Yes
levis,rex_harrison,Inst2Inst,No,No,No,No,No,No,Yes,Yes,Yes
lewis,pianist,Pos,Yes,No,No,Yes,Yes,Yes,Yes,Yes,Yes
lewis,pied_piper,Inst2Inst,No,Yes,Yes,No,No,No,Yes,Yes,Yes
liaodong_peninsula,peninsula,Pos,Yes,Yes,Yes,Yes,Yes,Yes,Yes,Yes,No
liaodong_peninsula,platte_river,Inst2Inst,No,No,No,No,No,No,Yes,Yes,Yes
little_rock,cannes,Inst2Inst,No,No,No,No,No,No,Yes,Yes,Yes
little_rock,state_capital,Pos,Yes,Yes,Yes,No,No,Yes,Yes,Yes,No
long_island,island,Pos,Yes,Yes,Yes,Yes,Yes,No,Yes,Yes,No
long_island,seychelles,Inst2Inst,No,No,No,No,No,No,Yes,Yes,Yes
lorca,poet,Pos,Yes,Yes,Yes,Yes,Yes,No,Yes,Yes,Yes
lorca,thalia,Inst2Inst,No,No,Yes,No,No,No,Yes,Yes,Yes
lord,god,Pos,Yes,Yes,Yes,Yes,Yes,Yes,Yes,Yes,Yes
lord,joel_chandler_harris,Inst2Inst,No,No,Yes,No,No,No,Yes,Yes,No
luigi_cherubini,composer,Pos,Yes,Yes,Yes,Yes,Yes,Yes,Yes,Yes,No
luigi_cherubini,duke_of_wellington,Inst2Inst,No,No,No,No,No,No,Yes,Yes,Yes
luzon,island,Pos,Yes,Yes,Yes,Yes,Yes,Yes,Yes,Yes,No
luzon,yucatan,Inst2Inst,No,No,No,No,No,Yes,Yes,Yes,Yes
mack_sennett,film_producer,Pos,Yes,Yes,Yes,Yes,Yes,No,Yes,Yes,No
mack_sennett,ralph_bunche,Inst2Inst,No,No,No,No,No,No,Yes,Yes,Yes
malachi,fahrenheit,Inst2Inst,No,No,Yes,No,No,No,Yes,Yes,Yes
malachi,prophet,Pos,Yes,Yes,Yes,Yes,Yes,Yes,Yes,Yes,Yes
malta,country,Pos,Yes,Yes,No,Yes,Yes,Yes,Yes,Yes,No
malta,cuba,Inst2Inst,No,No,No,No,No,No,Yes,Yes,No
manhattan,borough,Pos,Yes,Yes,Yes,No,Yes,No,Yes,Yes,Yes
manhattan,new_york,Inst2Inst,No,No,No,No,No,No,Yes,Yes,Yes
mao_zedong,alvin_ailey,Inst2Inst,No,No,No,No,No,No,Yes,Yes,No
mao_zedong,revolutionary,Pos,Yes,Yes,Yes,No,No,Yes,Yes,Yes,Yes
margaret_mitchell,frederic_goudy,Inst2Inst,No,No,Yes,No,No,No,Yes,Yes,Yes
margaret_mitchell,writer,Pos,Yes,Yes,Yes,Yes,Yes,Yes,Yes,Yes,No
mariehamn,pisces,Inst2Inst,No,No,No,No,No,No,Yes,Yes,No
mariehamn,port,Pos,Yes,Yes,Yes,Yes,Yes,Yes,Yes,Yes,Yes
mark_rothko,arthur_garfield_hays,Inst2Inst,No,No,Yes,No,No,No,Yes,Yes,No
mark_rothko,painter,Pos,Yes,Yes,Yes,Yes,Yes,Yes,Yes,Yes,No
marquette,tel_aviv,Inst2Inst,No,No,No,No,No,No,Yes,Yes,No
marquette,town,Pos,Yes,Yes,Yes,Yes,Yes,Yes,Yes,Yes,Yes
marshall,statesman,Pos,Yes,Yes,Yes,Yes,Yes,No,Yes,Yes,Yes
marshall,teresa_of_avila,Inst2Inst,No,No,No,No,No,No,Yes,Yes,Yes
maryland,colony,Pos,Yes,Yes,Yes,Yes,Yes,Yes,Yes,Yes,Yes
maryland,malta,Inst2Inst,No,No,No,No,No,No,Yes,Yes,No
mashhad,city,Pos,Yes,Yes,Yes,Yes,Yes,Yes,Yes,Yes,No
mashhad,massawa,Inst2Inst,No,No,Yes,No,No,No,Yes,Yes,Yes
max_delbruck,biologist,Pos,Yes,Yes,Yes,No,No,Yes,Yes,Yes,No
max_delbruck,john_tyndall,Inst2Inst,No,Yes,Yes,No,No,Yes,Yes,Yes,No
menachem_begin,leonid_brezhnev,Inst2Inst,No,Yes,No,No,No,Yes,Yes,Yes,Yes
menachem_begin,statesman,Pos,Yes,Yes,Yes,Yes,Yes,Yes,Yes,Yes,No
mensa,constellation,Pos,Yes,Yes,Yes,No,Yes,No,Yes,Yes,Yes
mensa,south_america,Inst2Inst,No,No,No,No,No,No,Yes,Yes,No
meridian,split,Inst2Inst,No,No,No,No,No,No,Yes,Yes,Yes
meridian,town,Pos,Yes,Yes,Yes,Yes,Yes,No,Yes,Yes,Yes
midland,galway,Inst2Inst,No,No,No,No,No,No,Yes,Yes,Yes
midland,town,Pos,Yes,Yes,Yes,Yes,Yes,Yes,Yes,Yes,Yes
mikhail_gorbachev,ken_kesey,Inst2Inst,No,Yes,No,No,No,No,Yes,Yes,Yes
mikhail_gorbachev,statesman,Pos,Yes,Yes,Yes,Yes,Yes,Yes,Yes,Yes,No
milk_river,cape_york,Inst2Inst,No,Yes,Yes,No,No,No,Yes,Yes,No
milk_river,river,Pos,Yes,Yes,Yes,Yes,Yes,Yes,Yes,Yes,No
milwaukee,city,Pos,Yes,Yes,Yes,Yes,Yes,Yes,Yes,Yes,No
milwaukee,mawlamyine,Inst2Inst,No,No,No,No,No,No,Yes,Yes,Yes
molotov,jessica_mitford,Inst2Inst,No,No,Yes,No,No,No,Yes,Yes,No
molotov,statesman,Pos,Yes,Yes,Yes,Yes,Yes,No,Yes,Yes,No
monroe,le_havre,Inst2Inst,No,No,No,No,No,No,Yes,Yes,Yes
monroe,town,Pos,Yes,Yes,Yes,Yes,Yes,Yes,Yes,Yes,No
mother_teresa,martin_scorsese,Inst2Inst,No,No,No,No,No,No,Yes,Yes,No
mother_teresa,missionary,Pos,Yes,Yes,Yes,Yes,Yes,Yes,Yes,Yes,No
mount_carmel,capricornus,Inst2Inst,No,No,No,No,No,No,Yes,Yes,Yes
mount_carmel,range,Pos,Yes,Yes,Yes,Yes,Yes,No,Yes,Yes,Yes
musca,constellation,Pos,Yes,Yes,Yes,Yes,Yes,Yes,Yes,Yes,No
musca,korea_bay,Inst2Inst,No,No,No,No,No,No,Yes,Yes,Yes
mwanza,basra,Inst2Inst,No,Yes,Yes,No,No,No,Yes,Yes,Yes
mwanza,city,Pos,Yes,Yes,Yes,Yes,Yes,Yes,Yes,Yes,Yes
nablus,city,Pos,Yes,Yes,Yes,Yes,Yes,Yes,Yes,Yes,Yes
nablus,cotacachi,Inst2Inst,No,Yes,Yes,No,No,No,Yes,Yes,Yes
namoi_river,river,Pos,Yes,Yes,Yes,Yes,Yes,Yes,Yes,Yes,No
namoi_river,willamette_river,Inst2Inst,No,No,No,No,No,No,Yes,Yes,Yes
napoli,madison,Inst2Inst,No,No,No,No,No,No,Yes,Yes,Yes
napoli,port,Pos,Yes,Yes,Yes,Yes,Yes,No,Yes,Yes,Yes
nashville,ciudad_juarez,Inst2Inst,No,No,No,No,No,No,Yes,Yes,No
nashville,state_capital,Pos,Yes,Yes,Yes,No,No,No,Yes,Yes,No
neckar,little_bighorn_river,Inst2Inst,No,No,No,No,No,No,Yes,Yes,Yes
neckar,river,Pos,Yes,Yes,No,Yes,Yes,Yes,Yes,Yes,Yes
neosho_river,cape_sable,Inst2Inst,No,No,Yes,No,No,No,Yes,Yes,Yes
neosho_river,river,Pos,Yes,Yes,Yes,Yes,Yes,Yes,Yes,Yes,Yes
neville_chamberlain,statesman,Pos,Yes,Yes,Yes,Yes,Yes,Yes,Yes,Yes,Yes
neville_chamberlain,virgil,Inst2Inst,No,No,Yes,No,No,No,Yes,Yes,Yes
nevis,el_paso,Inst2Inst,No,No,No,No,No,No,Yes,Yes,No
nevis,island,Pos,Yes,Yes,Yes,Yes,Yes,Yes,Yes,Yes,No
new_guinea,island,Pos,Yes,Yes,Yes,Yes,Yes,Yes,Yes,Yes,Yes
new_guinea,santa_clara,Inst2Inst,No,No,No,No,No,No,Yes,Yes,No
new_siberian_islands,cape_province,Inst2Inst,No,Yes,No,No,No,No,Yes,Yes,Yes
new_siberian_islands,island,Pos,Yes,Yes,Yes,Yes,Yes,Yes,Yes,Yes,Yes
new_york_bay,bay,Pos,Yes,Yes,Yes,Yes,Yes,Yes,Yes,Yes,No
new_york_bay,chamaeleon,Inst2Inst,No,No,No,No,No,No,Yes,Yes,Yes
new_zealand,campeche,Inst2Inst,No,No,No,No,No,No,Yes,Yes,Yes
new_zealand,country,Pos,Yes,Yes,Yes,Yes,Yes,Yes,Yes,Yes,Yes
nicolas_poussin,old_master,Pos,Yes,Yes,No,No,No,Yes,Yes,Yes,No
nicolas_poussin,thomas_sydenham,Inst2Inst,No,Yes,Yes,No,No,No,Yes,Yes,No
nogales,cork,Inst2Inst,No,No,No,No,No,No,Yes,Yes,Yes
nogales,town,Pos,Yes,Yes,Yes,Yes,Yes,Yes,Yes,Yes,Yes
norman,eleanor_roosevelt,Inst2Inst,No,No,No,No,No,No,Yes,Yes,No
norman,golfer,Pos,Yes,Yes,No,No,No,No,Yes,Yes,Yes
norman_jewison,film_producer,Pos,Yes,Yes,Yes,Yes,Yes,Yes,Yes,Yes,No
norman_jewison,harriman,Inst2Inst,No,No,No,No,No,No,Yes,Yes,No
north_island,island,Pos,Yes,Yes,Yes,Yes,Yes,Yes,Yes,Yes,No
north_island,society_islands,Inst2Inst,No,Yes,Yes,No,No,No,Yes,Yes,No
north_yorkshire,county,Pos,Yes,No,No,Yes,Yes,Yes,Yes,Yes,Yes
north_yorkshire,galveston,Inst2Inst,No,No,No,No,No,No,Yes,Yes,Yes
northampton,city,Pos,Yes,Yes,Yes,Yes,Yes,Yes,Yes,Yes,Yes
northampton,nantes,Inst2Inst,No,No,No,No,No,No,Yes,Yes,Yes
northern_territory,district,Pos,Yes,Yes,Yes,Yes,Yes,Yes,Yes,Yes,No
northern_territory,north_cascades_national_park,Inst2Inst,No,No,No,No,No,No,Yes,Yes,No
nunc_dimittis,angelus,Inst2Inst,No,No,Yes,No,Yes,Yes,Yes,Yes,No
nunc_dimittis,prayer,Pos,Yes,Yes,Yes,Yes,Yes,Yes,Yes,Yes,Yes
oder_river,cape_sable,Inst2Inst,No,No,No,No,No,No,Yes,Yes,No
oder_river,river,Pos,Yes,Yes,Yes,Yes,Yes,Yes,Yes,Yes,No
orizaba,city,Pos,Yes,Yes,Yes,Yes,Yes,Yes,Yes,Yes,Yes
orizaba,rasht,Inst2Inst,No,No,No,No,No,No,Yes,Yes,No
palm_beach,austronesia,Inst2Inst,No,No,No,No,No,No,Yes,Yes,Yes
palm_beach,town,Pos,Yes,Yes,Yes,Yes,Yes,No,Yes,Yes,Yes
pangaea,continent,Pos,Yes,Yes,Yes,No,No,Yes,Yes,Yes,No
pangaea,scheldt,Inst2Inst,No,No,No,No,No,No,Yes,Yes,No
patras,city,Pos,Yes,Yes,Yes,Yes,Yes,Yes,Yes,Yes,Yes
patras,santa_ana,Inst2Inst,No,No,No,No,No,No,Yes,Yes,No
paul_hermann_muller,chemist,Pos,Yes,Yes,Yes,Yes,Yes,Yes,Yes,Yes,Yes
paul_hermann_muller,virgil_thomson,Inst2Inst,No,No,No,No,No,No,Yes,Yes,Yes
pearl_river,korea_strait,Inst2Inst,No,No,No,No,No,No,Yes,Yes,Yes
pearl_river,river,Pos,Yes,Yes,Yes,No,Yes,No,Yes,Yes,No
pericles,statesman,Pos,Yes,Yes,Yes,Yes,Yes,Yes,Yes,Yes,Yes
pericles,vespasian,Inst2Inst,No,Yes,Yes,No,No,Yes,Yes,Yes,Yes
perseus,constellation,Pos,Yes,Yes,Yes,Yes,Yes,Yes,Yes,Yes,No
perseus,kissimmee_river,Inst2Inst,No,No,No,No,No,No,Yes,Yes,No
pershing,bela_lugosi,Inst2Inst,No,No,No,No,No,No,Yes,Yes,Yes
pershing,general,Pos,Yes,Yes,Yes,Yes,Yes,No,Yes,Yes,No
perth,chihuahua,Inst2Inst,No,No,No,No,No,No,Yes,Yes,Yes
perth,state_capital,Pos,Yes,Yes,No,No,No,Yes,Yes,Yes,Yes
peter_behrens,architect,Pos,Yes,Yes,Yes,Yes,Yes,Yes,Yes,Yes,Yes
peter_behrens,isaac_bashevis_singer,Inst2Inst,No,No,No,No,No,No,Yes,Yes,Yes
peter_lorre,actor,Pos,Yes,Yes,Yes,Yes,Yes,Yes,Yes,Yes,Yes
peter_lorre,james_murray,Inst2Inst,No,No,No,No,No,No,Yes,Yes,Yes
philippi,city,Pos,Yes,Yes,No,Yes,Yes,No,Yes,Yes,No
philippi,santiago_de_los_caballeros,Inst2Inst,No,No,No,No,No,No,Yes,Yes,Yes
ping_river,monterey_bay,Inst2Inst,No,No,No,No,No,No,Yes,Yes,Yes
ping_river,river,Pos,Yes,Yes,Yes,Yes,Yes,Yes,Yes,Yes,Yes
pisces,constellation,Pos,Yes,Yes,Yes,Yes,Yes,No,Yes,Yes,No
pisces,little_bighorn_river,Inst2Inst,No,No,Yes,No,No,No,Yes,Yes,Yes
pliny_the_elder,mansfield,Inst2Inst,No,No,No,No,No,No,Yes,Yes,Yes
pliny_the_elder,writer,Pos,Yes,Yes,Yes,Yes,Yes,Yes,Yes,Yes,No
plough,asterism,Pos,Yes,Yes,Yes,No,No,Yes,Yes,Yes,Yes
plough,horseshoe_falls,Inst2Inst,No,Yes,Yes,No,No,No,Yes,Yes,Yes
princeton,hannibal,Inst2Inst,No,No,No,No,No,No,Yes,Yes,No
princeton,town,Pos,Yes,Yes,Yes,Yes,Yes,Yes,Yes,Yes,No
princeton_university,cornell_university,Inst2Inst,No,No,No,No,No,Yes,Yes,Yes,Yes
princeton_university,university,Pos,Yes,Yes,Yes,Yes,Yes,Yes,Yes,Yes,No
prometheus,ken_kesey,Inst2Inst,No,No,No,No,No,No,Yes,Yes,No
prometheus,titan,Pos,Yes,Yes,Yes,No,Yes,No,Yes,Yes,No
psalms,religious_text,Pos,Yes,Yes,Yes,Yes,Yes,Yes,Yes,Yes,No
psalms,tanakh,Inst2Inst,No,No,No,No,No,Yes,Yes,Yes,No
rachel,gustav_mahler,Inst2Inst,No,No,No,No,No,No,Yes,Yes,Yes
rachel,wife,Pos,Yes,Yes,Yes,Yes,Yes,Yes,Yes,Yes,Yes
ralph_richardson,actor,Pos,Yes,Yes,Yes,Yes,Yes,Yes,Yes,Yes,Yes
ralph_richardson,thomas_carew,Inst2Inst,No,No,No,No,No,No,Yes,Yes,Yes
reaumur,otho,Inst2Inst,No,No,No,No,No,No,Yes,Yes,No
reaumur,physicist,Pos,Yes,Yes,Yes,Yes,Yes,Yes,Yes,Yes,No
red,river,Pos,Yes,Yes,Yes,Yes,Yes,No,Yes,Yes,No
red,seine_river,Inst2Inst,No,No,No,No,No,No,Yes,Yes,Yes
richard_wright,christopher_marlowe,Inst2Inst,No,No,No,No,No,No,Yes,Yes,No
richard_wright,writer,Pos,Yes,Yes,Yes,Yes,Yes,No,Yes,Yes,Yes
rio_grande,river,Pos,Yes,Yes,Yes,Yes,Yes,Yes,Yes,Yes,Yes
rio_grande,volans,Inst2Inst,No,No,No,No,No,No,Yes,Yes,No
river_lethe,bay_of_biscay,Inst2Inst,No,No,No,No,No,No,Yes,Yes,Yes
river_lethe,river,Pos,Yes,Yes,Yes,Yes,Yes,Yes,Yes,Yes,No
robert_fulton,herbert_hoover,Inst2Inst,No,No,No,No,No,No,Yes,Yes,No
robert_fulton,inventor,Pos,Yes,Yes,Yes,No,No,Yes,Yes,Yes,Yes
robert_owen,crusader,Pos,Yes,Yes,Yes,No,Yes,No,Yes,Yes,No
robert_owen,william_of_wykeham,Inst2Inst,No,No,No,No,No,No,Yes,Yes,Yes
roberts,chemist,Pos,Yes,Yes,Yes,Yes,Yes,No,Yes,Yes,Yes
roberts,libby,Inst2Inst,No,Yes,No,No,No,No,Yes,Yes,No
robin_hood,barnum,Inst2Inst,No,Yes,Yes,No,No,No,Yes,Yes,Yes
robin_hood,fictional_character,Pos,Yes,Yes,Yes,Yes,Yes,Yes,Yes,Yes,No
robinson,andy_warhol,Inst2Inst,No,No,No,No,No,No,Yes,Yes,Yes
robinson,edward_young,Inst2Inst,No,Yes,Yes,No,No,No,Yes,Yes,No
robinson,gladiator,Pos,Yes,Yes,Yes,Yes,Yes,No,Yes,Yes,No
robinson,poet,Pos,Yes,No,No,Yes,Yes,No,Yes,Yes,No
rosario,city,Pos,Yes,Yes,Yes,Yes,Yes,Yes,Yes,Yes,No
rosario,new_hebrides,Inst2Inst,No,No,No,No,No,No,Yes,Yes,Yes
russian_river,persian_gulf,Inst2Inst,No,No,No,No,No,No,Yes,Yes,Yes
russian_river,river,Pos,Yes,Yes,Yes,Yes,Yes,Yes,Yes,Yes,No
saale,little_bear,Inst2Inst,No,No,No,No,No,No,Yes,Yes,No
saale,river,Pos,Yes,Yes,Yes,Yes,Yes,No,Yes,Yes,No
saba,island,Pos,Yes,Yes,Yes,Yes,Yes,Yes,Yes,Yes,No
saba,roman_empire,Inst2Inst,No,No,No,No,No,No,Yes,Yes,No
sabine_river,namoi_river,Inst2Inst,No,No,No,No,No,No,Yes,Yes,No
sabine_river,river,Pos,Yes,Yes,Yes,Yes,Yes,Yes,Yes,Yes,Yes
saginaw,bologna,Inst2Inst,No,No,No,No,No,No,Yes,Yes,No
saginaw,port_of_entry,Pos,Yes,Yes,No,No,No,Yes,Yes,Yes,Yes
saint_johns,bam,Inst2Inst,No,No,Yes,No,No,No,Yes,Yes,No
saint_johns,port,Pos,Yes,Yes,Yes,Yes,Yes,No,Yes,Yes,No
saint_lawrence,martin,Inst2Inst,No,No,No,No,No,No,Yes,Yes,Yes
saint_lawrence,martyr,Pos,Yes,Yes,No,Yes,Yes,Yes,Yes,Yes,Yes
saint_lucia,fez,Inst2Inst,No,Yes,Yes,No,No,No,Yes,Yes,Yes
saint_lucia,island,Pos,Yes,Yes,Yes,Yes,Yes,Yes,Yes,Yes,No
salina,cairo,Inst2Inst,No,No,No,No,No,No,Yes,Yes,No
salina,town,Pos,Yes,Yes,Yes,Yes,Yes,Yes,Yes,Yes,Yes
salzburg,city,Pos,Yes,Yes,Yes,Yes,Yes,Yes,Yes,Yes,No
salzburg,fiji,Inst2Inst,No,No,No,No,No,No,Yes,Yes,Yes
samoa,constantinople,Inst2Inst,No,No,No,No,No,No,Yes,Yes,No
samoa,country,Pos,Yes,Yes,Yes,Yes,Yes,Yes,Yes,Yes,No
samuel,girolamo_savonarola,Inst2Inst,No,No,Yes,No,No,No,Yes,Yes,No
samuel,prophet,Pos,Yes,Yes,Yes,Yes,Yes,Yes,Yes,Yes,Yes
samuel_barber,composer,Pos,Yes,Yes,Yes,Yes,Yes,Yes,Yes,Yes,Yes
samuel_barber,vespasian,Inst2Inst,No,No,No,No,No,No,Yes,Yes,No
samuel_johnson,elie_wiesel,Inst2Inst,No,No,No,No,No,No,Yes,Yes,Yes
samuel_johnson,lexicographer,Pos,Yes,Yes,Yes,No,No,Yes,Yes,Yes,No
san_luis_potosi,city,Pos,Yes,Yes,Yes,Yes,Yes,Yes,Yes,Yes,Yes
san_luis_potosi,el_paso,Inst2Inst,No,No,No,No,No,Yes,Yes,Yes,Yes
santa_ana,city,Pos,Yes,Yes,Yes,Yes,Yes,Yes,Yes,Yes,Yes
santa_ana,northumberland,Inst2Inst,No,No,No,No,No,No,Yes,Yes,No
santa_fe,state_capital,Pos,Yes,Yes,Yes,No,No,Yes,Yes,Yes,No
santa_fe,sussex,Inst2Inst,No,No,No,No,No,No,Yes,Yes,No
saqqara,albany,Inst2Inst,No,No,No,No,No,No,Yes,Yes,Yes
saqqara,town,Pos,Yes,Yes,No,Yes,Yes,No,Yes,Yes,Yes
sargasso_sea,lake_eyre,Inst2Inst,No,No,No,No,No,No,Yes,Yes,No
sargasso_sea,sea,Pos,Yes,Yes,Yes,Yes,Yes,Yes,Yes,Yes,No
savannah_river,clyde,Inst2Inst,No,No,No,No,No,No,Yes,Yes,No
savannah_river,river,Pos,Yes,Yes,Yes,Yes,Yes,Yes,Yes,Yes,No
scipio_africanus,general,Pos,Yes,Yes,Yes,Yes,Yes,Yes,Yes,Yes,Yes
scipio_africanus,ludwig_boltzmann,Inst2Inst,No,No,Yes,No,No,No,Yes,Yes,No
seiji_ozawa,conductor,Pos,Yes,Yes,Yes,No,No,Yes,Yes,Yes,No
seiji_ozawa,stanley,Inst2Inst,No,No,No,No,No,No,Yes,Yes,Yes
seneca,playwright,Pos,Yes,Yes,Yes,Yes,Yes,No,Yes,Yes,No
seneca,roger_sessions,Inst2Inst,No,No,No,No,No,No,Yes,Yes,Yes
seneca_lake,grand_river,Inst2Inst,No,No,No,No,No,Yes,Yes,Yes,No
seneca_lake,lake,Pos,Yes,Yes,Yes,No,No,Yes,Yes,Yes,No
seven_hills_of_rome,flagstaff,Inst2Inst,No,No,No,No,No,No,Yes,Yes,No
seven_hills_of_rome,hill,Pos,Yes,Yes,Yes,Yes,Yes,Yes,Yes,Yes,No
seville,asuncion,Inst2Inst,No,No,No,No,No,No,Yes,Yes,Yes
seville,city,Pos,Yes,Yes,Yes,Yes,Yes,Yes,Yes,Yes,No
seychelles,island,Pos,Yes,Yes,Yes,Yes,Yes,Yes,Yes,Yes,Yes
seychelles,saint_lucia,Inst2Inst,No,No,No,No,No,Yes,Yes,Yes,No
sherlock_holmes,astor,Inst2Inst,No,No,No,No,No,No,Yes,Yes,Yes
sherlock_holmes,fictional_character,Pos,Yes,Yes,Yes,Yes,Yes,Yes,Yes,Yes,Yes
sicilia,island,Pos,Yes,Yes,Yes,Yes,Yes,No,Yes,Yes,No
sicilia,joppa,Inst2Inst,No,No,No,No,No,No,Yes,Yes,Yes
siemens,engineer,Pos,Yes,Yes,Yes,Yes,Yes,No,Yes,Yes,No
siemens,john_hope_franklin,Inst2Inst,No,No,No,No,No,No,Yes,Yes,Yes
sierra_madre_occidental,range,Pos,Yes,Yes,Yes,No,No,Yes,Yes,Yes,No
sierra_madre_occidental,tallapoosa_river,Inst2Inst,No,No,No,No,No,No,Yes,Yes,No
sierra_madre_oriental,europe,Inst2Inst,No,No,No,No,No,No,Yes,Yes,Yes
sierra_madre_oriental,range,Pos,Yes,Yes,Yes,Yes,Yes,Yes,Yes,Yes,Yes
sierra_nevada,range,Pos,Yes,Yes,Yes,No,No,Yes,Yes,Yes,No
sierra_nevada,red_river,Inst2Inst,No,No,No,No,No,No,Yes,Yes,Yes
sigmund_romberg,composer,Pos,Yes,Yes,Yes,Yes,Yes,Yes,Yes,Yes,Yes
sigmund_romberg,richard_burbage,Inst2Inst,No,Yes,Yes,No,No,Yes,Yes,Yes,Yes
sioux_falls,bangor,Inst2Inst,No,Yes,Yes,No,No,No,Yes,Yes,No
sioux_falls,city,Pos,Yes,Yes,Yes,Yes,Yes,Yes,Yes,Yes,No
skagerrak,mohawk_river,Inst2Inst,No,No,No,No,No,No,Yes,Yes,No
skagerrak,strait,Pos,Yes,Yes,Yes,No,No,Yes,Yes,Yes,Yes
smolensk,city,Pos,Yes,Yes,Yes,Yes,Yes,No,Yes,Yes,No
smolensk,leicestershire,Inst2Inst,No,No,No,No,No,No,Yes,Yes,Yes
snake,little_bighorn_river,Inst2Inst,No,No,Yes,No,No,No,Yes,Yes,Yes
snake,river,Pos,Yes,Yes,Yes,Yes,Yes,Yes,Yes,Yes,No
south_china_sea,big_sioux_river,Inst2Inst,No,No,No,No,No,No,Yes,Yes,Yes
south_china_sea,sea,Pos,Yes,Yes,Yes,Yes,Yes,Yes,Yes,Yes,Yes
south_yorkshire,county,Pos,Yes,No,No,Yes,Yes,Yes,Yes,Yes,No
south_yorkshire,nagoya,Inst2Inst,No,No,No,No,No,No,Yes,Yes,No
stephane_mallarme,elijah,Inst2Inst,No,No,No,No,No,No,Yes,Yes,Yes
stephane_mallarme,poet,Pos,Yes,Yes,Yes,Yes,Yes,Yes,Yes,Yes,No
stephen_foster,mikhail_bakunin,Inst2Inst,No,No,No,No,No,No,Yes,Yes,Yes
stephen_foster,songwriter,Pos,Yes,Yes,Yes,Yes,Yes,Yes,Yes,Yes,No
stewart,actor,Pos,Yes,Yes,Yes,Yes,Yes,No,Yes,Yes,Yes
stewart,ralph_bunche,Inst2Inst,No,No,Yes,No,No,No,Yes,Yes,Yes
stilwell,general,Pos,Yes,Yes,Yes,Yes,Yes,No,Yes,Yes,Yes
stilwell,rocky_marciano,Inst2Inst,No,Yes,Yes,No,No,No,Yes,Yes,Yes
strasbourg,city,Pos,Yes,Yes,Yes,Yes,Yes,Yes,Yes,Yes,Yes
strasbourg,lindesnes,Inst2Inst,No,No,No,No,No,No,Yes,Yes,Yes
sukarno,statesman,Pos,Yes,Yes,Yes,Yes,Yes,Yes,Yes,Yes,Yes
sukarno,whitman,Inst2Inst,No,No,No,No,No,No,Yes,Yes,Yes
sun_yat-sen,roberts,Inst2Inst,No,No,No,No,No,No,Yes,Yes,No
sun_yat-sen,statesman,Pos,Yes,Yes,Yes,Yes,Yes,Yes,Yes,Yes,Yes
sussex,cape_girardeau,Inst2Inst,No,No,No,No,No,No,Yes,Yes,No
sussex,county,Pos,Yes,No,No,Yes,Yes,Yes,Yes,Yes,Yes
tabasco,long_island,Inst2Inst,No,No,No,No,No,No,Yes,Yes,No
tabasco,state,Pos,Yes,Yes,No,Yes,Yes,Yes,Yes,Yes,Yes
tabriz,city,Pos,Yes,Yes,Yes,Yes,Yes,Yes,Yes,Yes,Yes
tabriz,savannah,Inst2Inst,No,No,Yes,No,No,No,Yes,Yes,No
tallapoosa_river,madeira_river,Inst2Inst,No,No,No,No,No,No,Yes,Yes,No
tallapoosa_river,river,Pos,Yes,Yes,Yes,Yes,Yes,Yes,Yes,Yes,Yes
tallis,composer,Pos,Yes,Yes,Yes,Yes,Yes,Yes,Yes,Yes,Yes
tallis,humphrey_bogart,Inst2Inst,No,No,No,No,No,No,Yes,Yes,Yes
tasman_sea,sea,Pos,Yes,Yes,Yes,Yes,Yes,Yes,Yes,Yes,Yes
tasman_sea,yellowstone_river,Inst2Inst,No,No,No,No,No,No,Yes,Yes,Yes
tasmania,island,Pos,Yes,Yes,Yes,Yes,Yes,Yes,Yes,Yes,Yes
tasmania,rasht,Inst2Inst,No,No,No,No,No,No,Yes,Yes,No
temuco,city,Pos,Yes,Yes,Yes,Yes,Yes,Yes,Yes,Yes,No
temuco,tabriz,Inst2Inst,No,No,No,No,No,Yes,Yes,Yes,No
thebes,city,Pos,Yes,Yes,Yes,Yes,Yes,Yes,Yes,Yes,Yes
thebes,rochester,Inst2Inst,No,No,No,No,No,No,Yes,Yes,Yes
thomas_edison,inventor,Pos,Yes,Yes,Yes,No,No,Yes,Yes,Yes,No
thomas_edison,latrobe,Inst2Inst,No,No,No,No,No,No,Yes,Yes,Yes
thomas_kyd,playwright,Pos,Yes,Yes,Yes,Yes,Yes,Yes,Yes,Yes,No
thomas_kyd,stone,Inst2Inst,No,No,No,No,No,No,Yes,Yes,No
thomas_wolfe,tom_bradley,Inst2Inst,No,No,No,No,No,No,Yes,Yes,No
thomas_wolfe,writer,Pos,Yes,Yes,Yes,Yes,Yes,Yes,Yes,Yes,Yes
tijuana,city,Pos,Yes,Yes,Yes,Yes,Yes,Yes,Yes,Yes,Yes
tijuana,sun_valley,Inst2Inst,No,Yes,No,No,No,No,Yes,Yes,No
timor,island,Pos,Yes,Yes,Yes,Yes,Yes,Yes,Yes,Yes,No
timor,san_diego,Inst2Inst,No,No,No,No,No,No,Yes,Yes,No
tom_bradley,politician,Pos,Yes,Yes,Yes,Yes,Yes,No,Yes,Yes,No
tom_bradley,stuart_davis,Inst2Inst,No,No,No,No,No,No,Yes,Yes,Yes
toulouse,bridgetown,Inst2Inst,No,No,No,No,No,No,Yes,Yes,No
toulouse,city,Pos,Yes,Yes,Yes,Yes,Yes,Yes,Yes,Yes,No
townsend,crusader,Pos,Yes,Yes,Yes,No,No,No,Yes,Yes,No
townsend,domitian,Inst2Inst,No,No,No,No,No,No,Yes,Yes,No
toyota,city,Pos,Yes,Yes,Yes,Yes,Yes,No,Yes,Yes,Yes
toyota,szechuan,Inst2Inst,No,Yes,Yes,No,No,No,Yes,Yes,No
trento,city,Pos,Yes,Yes,Yes,Yes,Yes,Yes,Yes,Yes,No
trento,hiroshima,Inst2Inst,No,No,No,No,No,No,Yes,Yes,Yes
trondheim,city,Pos,Yes,Yes,Yes,Yes,Yes,Yes,Yes,Yes,No
trondheim,del_rio,Inst2Inst,No,No,No,No,No,No,Yes,Yes,No
tucson,city,Pos,Yes,Yes,Yes,Yes,Yes,Yes,Yes,Yes,Yes
tucson,honolulu,Inst2Inst,No,No,No,No,No,Yes,Yes,Yes,No
urmia,city,Pos,Yes,Yes,Yes,Yes,Yes,Yes,Yes,Yes,No
urmia,soweto,Inst2Inst,No,No,No,No,No,No,Yes,Yes,Yes
valentina_tereshkova,astronaut,Pos,Yes,Yes,Yes,Yes,Yes,Yes,Yes,Yes,Yes
valentina_tereshkova,lillian_hellman,Inst2Inst,No,No,No,No,No,No,Yes,Yes,No
vanern,golden_gate,Inst2Inst,No,No,Yes,No,No,No,Yes,Yes,No
vanern,lake,Pos,Yes,Yes,Yes,No,Yes,Yes,Yes,Yes,Yes
vargas,percival_lowell,Inst2Inst,No,No,No,No,No,No,Yes,Yes,Yes
vargas,statesman,Pos,Yes,Yes,Yes,Yes,Yes,No,Yes,Yes,Yes
venus,big_dipper,Inst2Inst,No,Yes,Yes,No,No,Yes,Yes,Yes,No
venus,terrestrial_planet,Pos,Yes,Yes,Yes,Yes,Yes,Yes,Yes,Yes,No
veracruz,joppa,Inst2Inst,No,No,No,No,No,No,Yes,Yes,Yes
veracruz,port,Pos,Yes,Yes,Yes,Yes,Yes,Yes,Yes,Yes,No
victoria,aegean_sea,Inst2Inst,No,No,No,No,No,No,Yes,Yes,Yes
victoria,waterfall,Pos,Yes,Yes,Yes,No,No,Yes,Yes,Yes,No
virgin_islands,galway,Inst2Inst,No,No,No,No,No,No,Yes,Yes,No
virgin_islands,island,Pos,Yes,Yes,Yes,Yes,Yes,Yes,Yes,Yes,No
voltaire,ogden,Inst2Inst,No,No,No,No,No,No,Yes,Yes,No
voltaire,writer,Pos,Yes,Yes,Yes,Yes,Yes,Yes,Yes,Yes,Yes
wagga_wagga,florence,Inst2Inst,No,No,No,No,No,No,Yes,Yes,No
wagga_wagga,town,Pos,Yes,Yes,Yes,Yes,Yes,No,Yes,Yes,No
war_admiral,thoroughbred,Pos,Yes,Yes,Yes,No,Yes,Yes,Yes,Yes,No
war_admiral,zulu,Inst2Inst,No,Yes,Yes,No,No,No,Yes,Yes,No
wassily_leontief,economist,Pos,Yes,Yes,Yes,Yes,Yes,Yes,Yes,Yes,No
wassily_leontief,maurice_de_vlaminck,Inst2Inst,No,No,No,No,No,No,Yes,Yes,Yes
watertown,nubian_desert,Inst2Inst,No,No,No,No,No,No,Yes,Yes,Yes
watertown,town,Pos,Yes,Yes,Yes,Yes,Yes,Yes,Yes,Yes,No
watson,geneticist,Pos,Yes,Yes,Yes,Yes,Yes,Yes,Yes,Yes,No
watson,john_webster,Inst2Inst,No,Yes,Yes,No,No,No,Yes,Yes,Yes
weddell_sea,gulf_of_bothnia,Inst2Inst,No,No,No,No,No,Yes,Yes,Yes,Yes
weddell_sea,sea,Pos,Yes,Yes,Yes,Yes,Yes,Yes,Yes,Yes,No
west,andrew_wyeth,Inst2Inst,No,No,Yes,No,No,No,Yes,Yes,No
west,writer,Pos,Yes,Yes,Yes,Yes,Yes,No,Yes,Yes,Yes
west_sussex,county,Pos,Yes,No,No,Yes,Yes,Yes,Yes,Yes,Yes
west_sussex,greenland,Inst2Inst,No,No,No,No,No,No,Yes,Yes,No
white,kurt_waldheim,Inst2Inst,No,Yes,No,No,No,No,Yes,Yes,Yes
white,writer,Pos,Yes,Yes,Yes,Yes,Yes,No,Yes,Yes,Yes
wilhelm_eduard_weber,jane_austen,Inst2Inst,No,No,No,No,No,No,Yes,Yes,Yes
wilhelm_eduard_weber,physicist,Pos,Yes,Yes,Yes,Yes,Yes,Yes,Yes,Yes,No
willem_de_kooning,maxwell,Inst2Inst,No,No,No,No,Yes,No,Yes,Yes,No
willem_de_kooning,painter,Pos,Yes,Yes,Yes,Yes,Yes,Yes,Yes,Yes,No
william_bligh,admiral,Pos,Yes,Yes,Yes,Yes,Yes,No,Yes,Yes,No
william_bligh,deems_taylor,Inst2Inst,No,No,No,No,Yes,No,Yes,Yes,No
william_inge,playwright,Pos,Yes,Yes,Yes,Yes,Yes,Yes,Yes,Yes,No
william_inge,saul,Inst2Inst,No,No,No,No,No,Yes,Yes,Yes,No
william_stubbs,gilbert_stuart,Inst2Inst,No,No,Yes,No,No,No,Yes,Yes,No
william_stubbs,historian,Pos,Yes,Yes,Yes,Yes,Yes,Yes,Yes,Yes,No
wilson,alessandro_manzoni,Inst2Inst,No,No,No,No,No,No,Yes,Yes,No
wilson,writer,Pos,Yes,Yes,Yes,Yes,Yes,No,Yes,Yes,No
wisconsin_river,antlia,Inst2Inst,No,No,Yes,No,No,No,Yes,Yes,No
wisconsin_river,river,Pos,Yes,Yes,Yes,Yes,Yes,Yes,Yes,Yes,Yes
wolfgang_amadeus_mozart,composer,Pos,Yes,Yes,Yes,Yes,Yes,Yes,Yes,Yes,Yes
wolfgang_amadeus_mozart,edward_the_martyr,Inst2Inst,No,No,No,No,No,No,Yes,Yes,Yes
wood,manuel_de_falla,Inst2Inst,No,No,No,No,No,No,Yes,Yes,Yes
wood,writer,Pos,Yes,Yes,Yes,Yes,Yes,No,Yes,Yes,No
woody_allen,film_producer,Pos,Yes,Yes,Yes,Yes,Yes,Yes,Yes,Yes,Yes
woody_allen,thomas_jefferson,Inst2Inst,No,No,No,No,No,No,Yes,Yes,Yes
woody_herman,benjamin_rush,Inst2Inst,No,No,No,No,No,No,Yes,Yes,No
woody_herman,jazzman,Pos,Yes,Yes,Yes,No,No,Yes,Yes,Yes,No
wright,architect,Pos,Yes,Yes,Yes,Yes,Yes,No,Yes,Yes,Yes
wright,burnside,Inst2Inst,No,No,No,No,No,No,Yes,Yes,Yes
wroclaw,bemidji,Inst2Inst,No,No,Yes,No,No,No,Yes,Yes,Yes
wroclaw,city,Pos,Yes,Yes,Yes,Yes,Yes,Yes,Yes,Yes,Yes
wylie,coward,Inst2Inst,No,No,No,No,No,No,Yes,Yes,Yes
wylie,poet,Pos,Yes,Yes,Yes,Yes,Yes,No,Yes,Yes,Yes
xenophon,donald_barthelme,Inst2Inst,No,No,No,No,No,No,Yes,Yes,No
xenophon,historian,Pos,Yes,Yes,Yes,Yes,Yes,Yes,Yes,Yes,Yes
yosemite_falls,seneca_lake,Inst2Inst,No,No,No,No,No,No,Yes,Yes,No
yosemite_falls,waterfall,Pos,Yes,Yes,Yes,No,No,Yes,Yes,Yes,No
yucatan_peninsula,newburgh,Inst2Inst,No,No,No,No,No,No,Yes,Yes,No
yucatan_peninsula,peninsula,Pos,Yes,Yes,Yes,Yes,Yes,Yes,Yes,Yes,No
yves_tanguy,painter,Pos,Yes,Yes,Yes,Yes,Yes,Yes,Yes,Yes,No
yves_tanguy,tolstoy,Inst2Inst,No,No,No,No,No,No,Yes,Yes,Yes
zambezi,karelian_isthmus,Inst2Inst,No,No,No,No,No,No,Yes,Yes,No
zambezi,river,Pos,Yes,Yes,Yes,Yes,Yes,Yes,Yes,Yes,Yes
zane_grey,vanessa_bell,Inst2Inst,No,No,No,No,No,No,Yes,Yes,Yes
zane_grey,writer,Pos,Yes,Yes,Yes,Yes,Yes,Yes,Yes,Yes,Yes
zarqa,city,Pos,Yes,Yes,Yes,Yes,Yes,Yes,Yes,Yes,Yes
zarqa,valenciennes,Inst2Inst,No,No,No,No,No,No,Yes,Yes,No
zurich,chihuahua,Inst2Inst,No,No,No,No,No,No,Yes,Yes,No
zurich,city,Pos,Yes,Yes,Yes,Yes,Yes,Yes,Yes,Yes,Yes
