item_no,element_no,group,cat1,cat2,cat3,cat4,anchor_pair,pair1_shuffled,pair2_shuffled,choice,reaction_time,hit_no,design_no,mturk_id,target,assignment
5261,0,50,god,father,father,apostle,True,False,True,1,6785.0,1,6,person_0,True,70d69cad556bd200c5b07628e346e4a6_1612110989
113,0,2,binary star,terrestrial planet,terrestrial planet,mathematician,True,True,False,0,2828.0,1,6,person_0,True,70d69cad556bd200c5b07628e346e4a6_1612110989
4955,0,44,street,borough,desert,bible,False,False,False,0,3727.0,1,6,person_0,True,70d69cad556bd200c5b07628e346e4a6_1612110989
11,0,0,bishop,epistle,dictator,war,True,False,False,1,1818.0,1,6,person_0,True,70d69cad556bd200c5b07628e346e4a6_1612110989
8264,0,-10,astronomer,terrestrial planet,peninsula,soldier,False,False,False,0,1957.0,1,6,person_0,False,70d69cad556bd200c5b07628e346e4a6_1612110989
1286,0,25,state,region,city,state capital,True,False,True,0,3204.0,1,6,person_0,True,70d69cad556bd200c5b07628e346e4a6_1612110989
1898,0,37,borough,anarchist,island,cape,True,True,True,1,14978.0,1,6,person_0,True,70d69cad556bd200c5b07628e346e4a6_1612110989
164,0,3,university,city,valley,state,True,False,True,0,533.0,1,6,person_0,True,70d69cad556bd200c5b07628e346e4a6_1612110989
5414,0,53,promontory,peninsula,sea,admiral,True,True,True,0,1739.0,1,6,person_0,True,70d69cad556bd200c5b07628e346e4a6_1612110989
8259,0,-5,composer,pianist,gulf,terrestrial planet,False,False,False,0,675.0,1,6,person_0,False,70d69cad556bd200c5b07628e346e4a6_1612110989
1541,0,30,artist,songwriter,apostle,prayer,False,True,False,0,1705.0,1,6,person_0,True,70d69cad556bd200c5b07628e346e4a6_1612110989
1082,0,21,missionary,archpriest,pope,prayer,True,False,False,0,1920.0,1,6,person_0,True,70d69cad556bd200c5b07628e346e4a6_1612110989
419,0,8,cape,village,promontory,district,False,True,True,1,1453.0,1,6,person_0,True,70d69cad556bd200c5b07628e346e4a6_1612110989
5057,0,46,town,island,thoroughbred,titan,False,True,True,0,1217.0,1,6,person_0,True,70d69cad556bd200c5b07628e346e4a6_1612110989
8269,0,-15,surgeon,neurologist,lake,soldier,True,True,True,1,981.0,1,6,person_0,False,70d69cad556bd200c5b07628e346e4a6_1612110989
2153,0,42,city,capital,city,volcano,False,False,True,1,1433.0,1,6,person_0,True,70d69cad556bd200c5b07628e346e4a6_1612110989
5465,0,54,actor,geneticist,revolution,war,True,True,False,1,2463.0,1,6,person_0,True,70d69cad556bd200c5b07628e346e4a6_1612110989
521,0,10,island,valley,capital,illustrator,True,True,False,0,1998.0,1,6,person_0,True,70d69cad556bd200c5b07628e346e4a6_1612110989
8262,0,-8,pianist,songwriter,patriarch,bay,False,True,False,1,1075.0,1,6,person_0,False,70d69cad556bd200c5b07628e346e4a6_1612110989
5108,0,47,district,valley,web browser,jew,False,True,True,0,2044.0,1,6,person_0,True,70d69cad556bd200c5b07628e346e4a6_1612110989
2204,0,43,politician,star,composer,artist,False,False,False,1,2745.0,1,6,person_0,True,70d69cad556bd200c5b07628e346e4a6_1612110989
470,0,9,roman emperor,bay,admiral,isthmus,False,False,True,1,3437.0,1,6,person_0,True,70d69cad556bd200c5b07628e346e4a6_1612110989
674,0,13,waterfall,navigator,town,king,True,False,False,1,2070.0,1,6,person_0,True,70d69cad556bd200c5b07628e346e4a6_1612110989
8261,0,-7,general,engineer,journalist,titan,False,True,False,0,1001.0,1,6,person_0,False,70d69cad556bd200c5b07628e346e4a6_1612110989
1133,0,22,archipelago,strait,prayer,organist,False,True,False,1,1134.0,1,6,person_0,True,70d69cad556bd200c5b07628e346e4a6_1612110989
1235,0,24,community,state,town,district,True,True,False,0,1027.0,1,6,person_0,True,70d69cad556bd200c5b07628e346e4a6_1612110989
5159,0,48,national park,village,sea,volcano,False,False,False,0,1542.0,1,6,person_0,True,70d69cad556bd200c5b07628e346e4a6_1612110989
572,0,11,constellation,epoch,binary star,county,True,True,False,0,6343.0,1,6,person_0,True,70d69cad556bd200c5b07628e346e4a6_1612110989
8256,0,-2,city,town,state,fiddler,False,True,False,0,1517.0,1,6,person_0,False,70d69cad556bd200c5b07628e346e4a6_1612110989
1184,0,23,constellation,strait,waterfall,statesman,True,True,False,1,6139.0,1,6,person_0,True,70d69cad556bd200c5b07628e346e4a6_1612110989
317,0,6,volcano,settler,street,continent,False,True,False,1,2641.0,1,6,person_0,True,70d69cad556bd200c5b07628e346e4a6_1612110989
2051,0,40,range,star,colony,diplomat,False,False,True,0,2142.0,1,6,person_0,True,70d69cad556bd200c5b07628e346e4a6_1612110989
8265,0,-11,film producer,actor,nazi,journalist,True,True,True,0,2796.0,1,6,person_0,False,70d69cad556bd200c5b07628e346e4a6_1612110989
2102,0,41,district,village,strait,capital,False,True,True,0,1904.0,1,6,person_0,True,70d69cad556bd200c5b07628e346e4a6_1612110989
1388,0,27,river,asterism,revolution,waterfall,False,False,False,1,1657.0,1,6,person_0,True,70d69cad556bd200c5b07628e346e4a6_1612110989
62,0,1,country,man,desert,empire,False,True,False,1,2578.0,1,6,person_0,True,70d69cad556bd200c5b07628e346e4a6_1612110989
5006,0,45,composer,lyricist,waterfall,asterism,False,False,True,0,941.0,1,6,person_0,True,70d69cad556bd200c5b07628e346e4a6_1612110989
8266,0,-12,physicist,astronomer,film producer,valley,False,True,True,0,1394.0,1,6,person_0,False,70d69cad556bd200c5b07628e346e4a6_1612110989
5363,0,52,patron saint,thoroughbred,astronomer,volcano,True,False,True,0,2878.0,1,6,person_0,True,70d69cad556bd200c5b07628e346e4a6_1612110989
2000,0,39,suspension bridge,archpriest,doctor of the church,patron saint,False,False,False,0,1459.0,1,6,person_0,True,70d69cad556bd200c5b07628e346e4a6_1612110989
215,0,4,river,archpriest,binary star,university,True,True,False,0,2185.0,1,6,person_0,True,70d69cad556bd200c5b07628e346e4a6_1612110989
1949,0,38,sea,lake,pianist,soprano,False,True,False,0,1486.0,1,6,person_0,True,70d69cad556bd200c5b07628e346e4a6_1612110989
8268,0,-14,lyricist,songwriter,patriarch,volcano,False,True,False,0,1418.0,1,6,person_0,False,70d69cad556bd200c5b07628e346e4a6_1612110989
1643,0,32,range,sea,colony,revolutionary,False,False,False,1,2059.0,1,6,person_0,True,70d69cad556bd200c5b07628e346e4a6_1612110989
5210,0,49,suspension bridge,fiddler,range,asterism,True,True,False,0,1405.0,1,6,person_0,True,70d69cad556bd200c5b07628e346e4a6_1612110989
1796,0,35,suspension bridge,aviator,university,state,False,True,True,0,5160.0,1,6,person_0,True,70d69cad556bd200c5b07628e346e4a6_1612110989
8257,0,-3,father,wife,nazi,scientist,False,True,True,0,10012.0,1,6,person_0,False,70d69cad556bd200c5b07628e346e4a6_1612110989
878,0,17,crusade,film producer,thoroughbred,saint,False,True,True,1,2685.0,1,6,person_0,True,70d69cad556bd200c5b07628e346e4a6_1612110989
1490,0,29,asterism,terrestrial planet,politician,apostle,False,True,True,1,1333.0,1,6,person_0,True,70d69cad556bd200c5b07628e346e4a6_1612110989
1031,0,20,city,colony,hill,valley,False,False,False,0,40809.0,1,6,person_0,True,70d69cad556bd200c5b07628e346e4a6_1612110989
5312,0,51,archipelago,sea,era,island,False,False,False,0,4457.0,1,6,person_0,True,70d69cad556bd200c5b07628e346e4a6_1612110989
8255,0,-1,bandleader,songwriter,peninsula,doctor,False,False,False,0,5009.0,1,6,person_0,False,70d69cad556bd200c5b07628e346e4a6_1612110989
1847,0,36,architect,golfer,binary star,gulf,False,False,True,0,1334.0,1,6,person_0,True,70d69cad556bd200c5b07628e346e4a6_1612110989
827,0,16,bible,siege,suspension bridge,bay,True,False,False,1,2621.0,1,6,person_0,True,70d69cad556bd200c5b07628e346e4a6_1612110989
776,0,15,empire,revolution,doctor of the church,bible,True,False,True,0,643.0,1,6,person_0,True,70d69cad556bd200c5b07628e346e4a6_1612110989
8258,0,-4,artist,songwriter,doctor,general,False,True,False,1,925.0,1,6,person_0,False,70d69cad556bd200c5b07628e346e4a6_1612110989
1337,0,26,continent,state,range,sea,True,True,True,1,787.0,1,6,person_0,True,70d69cad556bd200c5b07628e346e4a6_1612110989
725,0,14,religious text,prayer,town,island,True,False,False,1,700.0,1,6,person_0,True,70d69cad556bd200c5b07628e346e4a6_1612110989
980,0,19,colony,old master,siege,surgeon,True,True,False,0,1349.0,1,6,person_0,True,70d69cad556bd200c5b07628e346e4a6_1612110989
1592,0,31,country,university,binary star,friend,False,False,False,1,710.0,1,6,person_0,True,70d69cad556bd200c5b07628e346e4a6_1612110989
8260,0,-6,lake,county,peninsula,printer,True,True,False,0,138.0,1,6,person_0,False,70d69cad556bd200c5b07628e346e4a6_1612110989
623,0,12,epistle,politician,revolution,doctor of the church,True,True,True,1,858.0,1,6,person_0,True,70d69cad556bd200c5b07628e346e4a6_1612110989
266,0,5,country,cartoonist,country,capital,False,True,False,0,866.0,1,6,person_0,True,70d69cad556bd200c5b07628e346e4a6_1612110989
368,0,7,writer,jurist,astronaut,thoroughbred,True,False,False,0,627.0,1,6,person_0,True,70d69cad556bd200c5b07628e346e4a6_1612110989
1745,0,34,island,prayer,city,region,False,True,True,1,1114.0,1,6,person_0,True,70d69cad556bd200c5b07628e346e4a6_1612110989
8267,0,-13,god,pope,waterfall,historian,False,True,True,0,770.0,1,6,person_0,False,70d69cad556bd200c5b07628e346e4a6_1612110989
1694,0,33,terrestrial planet,valley,state,volcano,False,True,True,0,930.0,1,6,person_0,True,70d69cad556bd200c5b07628e346e4a6_1612110989
929,0,18,thoroughbred,muse,plateau,apostle,False,False,True,1,923.0,1,6,person_0,True,70d69cad556bd200c5b07628e346e4a6_1612110989
1439,0,28,town,region,isthmus,channel,False,True,False,1,959.0,1,6,person_0,True,70d69cad556bd200c5b07628e346e4a6_1612110989
8263,0,-9,mathematician,scientist,athlete,jew,True,False,False,0,3289.0,1,6,person_0,False,70d69cad556bd200c5b07628e346e4a6_1612110989
1388,0,27,river,asterism,revolution,waterfall,False,True,True,0,12523.0,1,6,person_1,True,6033475d5445f8ceb171a330bfc6a4cb_1612111745
470,0,9,roman emperor,bay,admiral,isthmus,True,True,False,0,24546.0,1,6,person_1,True,6033475d5445f8ceb171a330bfc6a4cb_1612111745
929,0,18,thoroughbred,muse,plateau,apostle,False,True,True,0,28623.0,1,6,person_1,True,6033475d5445f8ceb171a330bfc6a4cb_1612111745
11,0,0,bishop,epistle,dictator,war,True,False,True,1,10876.0,1,6,person_1,True,6033475d5445f8ceb171a330bfc6a4cb_1612111745
8267,0,-13,god,pope,waterfall,historian,False,False,True,0,10092.0,1,6,person_1,False,6033475d5445f8ceb171a330bfc6a4cb_1612111745
5363,0,52,patron saint,thoroughbred,astronomer,volcano,True,False,False,0,13904.0,1,6,person_1,True,6033475d5445f8ceb171a330bfc6a4cb_1612111745
2000,0,39,suspension bridge,archpriest,doctor of the church,patron saint,True,True,True,1,11554.0,1,6,person_1,True,6033475d5445f8ceb171a330bfc6a4cb_1612111745
1286,0,25,state,region,city,state capital,True,True,False,0,13948.0,1,6,person_1,True,6033475d5445f8ceb171a330bfc6a4cb_1612111745
62,0,1,country,man,desert,empire,True,False,False,1,13943.0,1,6,person_1,True,6033475d5445f8ceb171a330bfc6a4cb_1612111745
8263,0,-9,mathematician,scientist,athlete,jew,False,False,False,0,2971.0,1,6,person_1,False,6033475d5445f8ceb171a330bfc6a4cb_1612111745
1592,0,31,country,university,binary star,friend,True,True,True,1,10690.0,1,6,person_1,True,6033475d5445f8ceb171a330bfc6a4cb_1612111745
1694,0,33,terrestrial planet,valley,state,volcano,True,True,False,0,7867.0,1,6,person_1,True,6033475d5445f8ceb171a330bfc6a4cb_1612111745
827,0,16,bible,siege,suspension bridge,bay,True,False,False,1,11684.0,1,6,person_1,True,6033475d5445f8ceb171a330bfc6a4cb_1612111745
164,0,3,university,city,valley,state,True,True,False,1,8020.0,1,6,person_1,True,6033475d5445f8ceb171a330bfc6a4cb_1612111745
8256,0,-2,city,town,state,fiddler,False,True,True,0,2123.0,1,6,person_1,False,6033475d5445f8ceb171a330bfc6a4cb_1612111745
5006,0,45,composer,lyricist,waterfall,asterism,True,False,False,0,2385.0,1,6,person_1,True,6033475d5445f8ceb171a330bfc6a4cb_1612111745
725,0,14,religious text,prayer,town,island,False,False,False,0,5366.0,1,6,person_1,True,6033475d5445f8ceb171a330bfc6a4cb_1612111745
5414,0,53,promontory,peninsula,sea,admiral,True,True,False,0,10880.0,1,6,person_1,True,6033475d5445f8ceb171a330bfc6a4cb_1612111745
8266,0,-12,physicist,astronomer,film producer,valley,True,False,False,0,3205.0,1,6,person_1,False,6033475d5445f8ceb171a330bfc6a4cb_1612111745
2102,0,41,district,village,strait,capital,True,True,False,0,5641.0,1,6,person_1,True,6033475d5445f8ceb171a330bfc6a4cb_1612111745
5261,0,50,god,father,father,apostle,False,False,True,0,12871.0,1,6,person_1,True,6033475d5445f8ceb171a330bfc6a4cb_1612111745
1541,0,30,artist,songwriter,apostle,prayer,True,False,True,0,4658.0,1,6,person_1,True,6033475d5445f8ceb171a330bfc6a4cb_1612111745
572,0,11,constellation,epoch,binary star,county,True,True,False,0,12356.0,1,6,person_1,True,6033475d5445f8ceb171a330bfc6a4cb_1612111745
8259,0,-5,composer,pianist,gulf,terrestrial planet,True,True,True,0,19078.0,1,6,person_1,False,6033475d5445f8ceb171a330bfc6a4cb_1612111745
5057,0,46,town,island,thoroughbred,titan,True,False,False,0,4174.0,1,6,person_1,True,6033475d5445f8ceb171a330bfc6a4cb_1612111745
1235,0,24,community,state,town,district,False,True,True,1,7842.0,1,6,person_1,True,6033475d5445f8ceb171a330bfc6a4cb_1612111745
2051,0,40,range,star,colony,diplomat,False,True,True,1,2399.0,1,6,person_1,True,6033475d5445f8ceb171a330bfc6a4cb_1612111745
878,0,17,crusade,film producer,thoroughbred,saint,False,False,True,1,11560.0,1,6,person_1,True,6033475d5445f8ceb171a330bfc6a4cb_1612111745
8262,0,-8,pianist,songwriter,patriarch,bay,False,False,False,0,2862.0,1,6,person_1,False,6033475d5445f8ceb171a330bfc6a4cb_1612111745
1745,0,34,island,prayer,city,region,False,True,True,1,3648.0,1,6,person_1,True,6033475d5445f8ceb171a330bfc6a4cb_1612111745
1337,0,26,continent,state,range,sea,True,False,True,0,3325.0,1,6,person_1,True,6033475d5445f8ceb171a330bfc6a4cb_1612111745
1184,0,23,constellation,strait,waterfall,statesman,True,True,True,0,6880.0,1,6,person_1,True,6033475d5445f8ceb171a330bfc6a4cb_1612111745
8255,0,-1,bandleader,songwriter,peninsula,doctor,True,True,True,0,7292.0,1,6,person_1,False,6033475d5445f8ceb171a330bfc6a4cb_1612111745
1949,0,38,sea,lake,pianist,soprano,False,True,False,1,9581.0,1,6,person_1,True,6033475d5445f8ceb171a330bfc6a4cb_1612111745
1796,0,35,suspension bridge,aviator,university,state,False,True,False,1,15747.0,1,6,person_1,True,6033475d5445f8ceb171a330bfc6a4cb_1612111745
368,0,7,writer,jurist,astronaut,thoroughbred,True,False,False,0,8797.0,1,6,person_1,True,6033475d5445f8ceb171a330bfc6a4cb_1612111745
1133,0,22,archipelago,strait,prayer,organist,True,True,False,0,11116.0,1,6,person_1,True,6033475d5445f8ceb171a330bfc6a4cb_1612111745
8269,0,-15,surgeon,neurologist,lake,soldier,True,False,False,0,3610.0,1,6,person_1,False,6033475d5445f8ceb171a330bfc6a4cb_1612111745
980,0,19,colony,old master,siege,surgeon,True,False,False,0,14995.0,1,6,person_1,True,6033475d5445f8ceb171a330bfc6a4cb_1612111745
5159,0,48,national park,village,sea,volcano,True,False,True,0,13829.0,1,6,person_1,True,6033475d5445f8ceb171a330bfc6a4cb_1612111745
1031,0,20,city,colony,hill,valley,True,False,True,1,2607.0,1,6,person_1,True,6033475d5445f8ceb171a330bfc6a4cb_1612111745
776,0,15,empire,revolution,doctor of the church,bible,True,True,True,0,5689.0,1,6,person_1,True,6033475d5445f8ceb171a330bfc6a4cb_1612111745
8260,0,-6,lake,county,peninsula,printer,True,True,False,0,5592.0,1,6,person_1,False,6033475d5445f8ceb171a330bfc6a4cb_1612111745
1082,0,21,missionary,archpriest,pope,prayer,False,True,True,1,3695.0,1,6,person_1,True,6033475d5445f8ceb171a330bfc6a4cb_1612111745
5108,0,47,district,valley,web browser,jew,False,True,True,0,6359.0,1,6,person_1,True,6033475d5445f8ceb171a330bfc6a4cb_1612111745
1439,0,28,town,region,isthmus,channel,False,True,False,0,15535.0,1,6,person_1,True,6033475d5445f8ceb171a330bfc6a4cb_1612111745
8261,0,-7,general,engineer,journalist,titan,True,False,True,0,19983.0,1,6,person_1,False,6033475d5445f8ceb171a330bfc6a4cb_1612111745
1643,0,32,range,sea,colony,revolutionary,False,False,True,1,3197.0,1,6,person_1,True,6033475d5445f8ceb171a330bfc6a4cb_1612111745
215,0,4,river,archpriest,binary star,university,False,True,False,0,5649.0,1,6,person_1,True,6033475d5445f8ceb171a330bfc6a4cb_1612111745
1490,0,29,asterism,terrestrial planet,politician,apostle,True,True,True,0,9304.0,1,6,person_1,True,6033475d5445f8ceb171a330bfc6a4cb_1612111745
623,0,12,epistle,politician,revolution,doctor of the church,False,False,True,0,10088.0,1,6,person_1,True,6033475d5445f8ceb171a330bfc6a4cb_1612111745
8265,0,-11,film producer,actor,nazi,journalist,False,False,True,0,3091.0,1,6,person_1,False,6033475d5445f8ceb171a330bfc6a4cb_1612111745
113,0,2,binary star,terrestrial planet,terrestrial planet,mathematician,True,True,False,0,6665.0,1,6,person_1,True,6033475d5445f8ceb171a330bfc6a4cb_1612111745
1847,0,36,architect,golfer,binary star,gulf,True,False,False,0,13016.0,1,6,person_1,True,6033475d5445f8ceb171a330bfc6a4cb_1612111745
2204,0,43,politician,star,composer,artist,False,False,False,1,2924.0,1,6,person_1,True,6033475d5445f8ceb171a330bfc6a4cb_1612111745
8258,0,-4,artist,songwriter,doctor,general,False,False,True,0,5978.0,1,6,person_1,False,6033475d5445f8ceb171a330bfc6a4cb_1612111745
317,0,6,volcano,settler,street,continent,True,True,True,1,8425.0,1,6,person_1,True,6033475d5445f8ceb171a330bfc6a4cb_1612111745
5465,0,54,actor,geneticist,revolution,war,False,False,False,1,2992.0,1,6,person_1,True,6033475d5445f8ceb171a330bfc6a4cb_1612111745
2153,0,42,city,capital,city,volcano,True,False,True,0,1663.0,1,6,person_1,True,6033475d5445f8ceb171a330bfc6a4cb_1612111745
266,0,5,country,cartoonist,country,capital,True,True,False,1,2778.0,1,6,person_1,True,6033475d5445f8ceb171a330bfc6a4cb_1612111745
8268,0,-14,lyricist,songwriter,patriarch,volcano,False,False,True,0,1542.0,1,6,person_1,False,6033475d5445f8ceb171a330bfc6a4cb_1612111745
4955,0,44,street,borough,desert,bible,True,False,False,0,8014.0,1,6,person_1,True,6033475d5445f8ceb171a330bfc6a4cb_1612111745
5312,0,51,archipelago,sea,era,island,True,True,True,0,3747.0,1,6,person_1,True,6033475d5445f8ceb171a330bfc6a4cb_1612111745
521,0,10,island,valley,capital,illustrator,False,False,False,0,3364.0,1,6,person_1,True,6033475d5445f8ceb171a330bfc6a4cb_1612111745
674,0,13,waterfall,navigator,town,king,True,False,False,0,9421.0,1,6,person_1,True,6033475d5445f8ceb171a330bfc6a4cb_1612111745
8264,0,-10,astronomer,terrestrial planet,peninsula,soldier,False,False,False,0,7982.0,1,6,person_1,False,6033475d5445f8ceb171a330bfc6a4cb_1612111745
419,0,8,cape,village,promontory,district,True,True,False,0,8248.0,1,6,person_1,True,6033475d5445f8ceb171a330bfc6a4cb_1612111745
5210,0,49,suspension bridge,fiddler,range,asterism,True,True,False,1,14911.0,1,6,person_1,True,6033475d5445f8ceb171a330bfc6a4cb_1612111745
1898,0,37,borough,anarchist,island,cape,True,False,False,1,6520.0,1,6,person_1,True,6033475d5445f8ceb171a330bfc6a4cb_1612111745
8257,0,-3,father,wife,nazi,scientist,True,False,False,0,3798.0,1,6,person_1,False,6033475d5445f8ceb171a330bfc6a4cb_1612111745
368,0,7,writer,jurist,astronaut,thoroughbred,True,False,True,0,8645.0,1,6,person_2,True,2271a792887793792426da9b92a7b54d_1612112009
5057,0,46,town,island,thoroughbred,titan,True,False,True,0,11967.0,1,6,person_2,True,2271a792887793792426da9b92a7b54d_1612112009
164,0,3,university,city,valley,state,True,False,True,0,5440.0,1,6,person_2,True,2271a792887793792426da9b92a7b54d_1612112009
8268,0,-14,lyricist,songwriter,patriarch,volcano,False,True,True,0,2029.0,1,6,person_2,False,2271a792887793792426da9b92a7b54d_1612112009
776,0,15,empire,revolution,doctor of the church,bible,True,True,True,1,6407.0,1,6,person_2,True,2271a792887793792426da9b92a7b54d_1612112009
1439,0,28,town,region,isthmus,channel,False,True,True,1,7420.0,1,6,person_2,True,2271a792887793792426da9b92a7b54d_1612112009
1082,0,21,missionary,archpriest,pope,prayer,False,False,True,1,5522.0,1,6,person_2,True,2271a792887793792426da9b92a7b54d_1612112009
2153,0,42,city,capital,city,volcano,False,False,True,0,2054.0,1,6,person_2,True,2271a792887793792426da9b92a7b54d_1612112009
8264,0,-10,astronomer,terrestrial planet,peninsula,soldier,False,False,False,0,2992.0,1,6,person_2,False,2271a792887793792426da9b92a7b54d_1612112009
1796,0,35,suspension bridge,aviator,university,state,False,True,True,1,3780.0,1,6,person_2,True,2271a792887793792426da9b92a7b54d_1612112009
5312,0,51,archipelago,sea,era,island,True,False,False,0,5395.0,1,6,person_2,True,2271a792887793792426da9b92a7b54d_1612112009
1184,0,23,constellation,strait,waterfall,statesman,True,True,False,0,9318.0,1,6,person_2,True,2271a792887793792426da9b92a7b54d_1612112009
5006,0,45,composer,lyricist,waterfall,asterism,True,True,False,0,4680.0,1,6,person_2,True,2271a792887793792426da9b92a7b54d_1612112009
8266,0,-12,physicist,astronomer,film producer,valley,False,True,True,0,3792.0,1,6,person_2,False,2271a792887793792426da9b92a7b54d_1612112009
1847,0,36,architect,golfer,binary star,gulf,True,False,True,1,7078.0,1,6,person_2,True,2271a792887793792426da9b92a7b54d_1612112009
1235,0,24,community,state,town,district,False,True,False,1,3680.0,1,6,person_2,True,2271a792887793792426da9b92a7b54d_1612112009
215,0,4,river,archpriest,binary star,university,True,False,False,0,4023.0,1,6,person_2,True,2271a792887793792426da9b92a7b54d_1612112009
8258,0,-4,artist,songwriter,doctor,general,False,False,False,0,2028.0,1,6,person_2,False,2271a792887793792426da9b92a7b54d_1612112009
1694,0,33,terrestrial planet,valley,state,volcano,True,False,False,0,1923.0,1,6,person_2,True,2271a792887793792426da9b92a7b54d_1612112009
4955,0,44,street,borough,desert,bible,True,True,True,0,3018.0,1,6,person_2,True,2271a792887793792426da9b92a7b54d_1612112009
5414,0,53,promontory,peninsula,sea,admiral,False,True,True,0,423166.0,1,6,person_2,True,2271a792887793792426da9b92a7b54d_1612112009
1031,0,20,city,colony,hill,valley,False,True,True,1,2363.0,1,6,person_2,True,2271a792887793792426da9b92a7b54d_1612112009
8256,0,-2,city,town,state,fiddler,False,False,True,0,1682.0,1,6,person_2,False,2271a792887793792426da9b92a7b54d_1612112009
5465,0,54,actor,geneticist,revolution,war,False,False,True,1,1833.0,1,6,person_2,True,2271a792887793792426da9b92a7b54d_1612112009
470,0,9,roman emperor,bay,admiral,isthmus,True,False,False,1,13090.0,1,6,person_2,True,2271a792887793792426da9b92a7b54d_1612112009
5108,0,47,district,valley,web browser,jew,True,True,False,0,5055.0,1,6,person_2,True,2271a792887793792426da9b92a7b54d_1612112009
1949,0,38,sea,lake,pianist,soprano,False,False,False,0,7474.0,1,6,person_2,True,2271a792887793792426da9b92a7b54d_1612112009
8269,0,-15,surgeon,neurologist,lake,soldier,True,True,False,0,3850.0,1,6,person_2,False,2271a792887793792426da9b92a7b54d_1612112009
1133,0,22,archipelago,strait,prayer,organist,True,True,False,0,25550.0,1,6,person_2,True,2271a792887793792426da9b92a7b54d_1612112009
419,0,8,cape,village,promontory,district,True,True,True,0,10164.0,1,6,person_2,True,2271a792887793792426da9b92a7b54d_1612112009
521,0,10,island,valley,capital,illustrator,False,True,False,0,5045.0,1,6,person_2,True,2271a792887793792426da9b92a7b54d_1612112009
8263,0,-9,mathematician,scientist,athlete,jew,False,True,True,0,58998.0,1,6,person_2,False,2271a792887793792426da9b92a7b54d_1612112009
1898,0,37,borough,anarchist,island,cape,True,False,True,1,1597.0,1,6,person_2,True,2271a792887793792426da9b92a7b54d_1612112009
5210,0,49,suspension bridge,fiddler,range,asterism,True,True,True,1,17443.0,1,6,person_2,True,2271a792887793792426da9b92a7b54d_1612112009
980,0,19,colony,old master,siege,surgeon,False,False,False,0,10372.0,1,6,person_2,True,2271a792887793792426da9b92a7b54d_1612112009
2000,0,39,suspension bridge,archpriest,doctor of the church,patron saint,True,False,False,1,9317.0,1,6,person_2,True,2271a792887793792426da9b92a7b54d_1612112009
8262,0,-8,pianist,songwriter,patriarch,bay,True,False,True,0,4565.0,1,6,person_2,False,2271a792887793792426da9b92a7b54d_1612112009
2204,0,43,politician,star,composer,artist,False,True,False,1,6467.0,1,6,person_2,True,2271a792887793792426da9b92a7b54d_1612112009
572,0,11,constellation,epoch,binary star,county,True,True,False,0,3907.0,1,6,person_2,True,2271a792887793792426da9b92a7b54d_1612112009
113,0,2,binary star,terrestrial planet,terrestrial planet,mathematician,True,True,False,0,65189.0,1,6,person_2,True,2271a792887793792426da9b92a7b54d_1612112009
317,0,6,volcano,settler,street,continent,True,False,True,1,7110.0,1,6,person_2,True,2271a792887793792426da9b92a7b54d_1612112009
8265,0,-11,film producer,actor,nazi,journalist,False,True,False,0,1924.0,1,6,person_2,False,2271a792887793792426da9b92a7b54d_1612112009
929,0,18,thoroughbred,muse,plateau,apostle,True,False,False,1,4877.0,1,6,person_2,True,2271a792887793792426da9b92a7b54d_1612112009
1745,0,34,island,prayer,city,region,False,True,True,1,4370.0,1,6,person_2,True,2271a792887793792426da9b92a7b54d_1612112009
1541,0,30,artist,songwriter,apostle,prayer,True,False,True,0,2484.0,1,6,person_2,True,2271a792887793792426da9b92a7b54d_1612112009
8255,0,-1,bandleader,songwriter,peninsula,doctor,True,True,True,0,9819.0,1,6,person_2,False,2271a792887793792426da9b92a7b54d_1612112009
674,0,13,waterfall,navigator,town,king,True,True,True,0,2498.0,1,6,person_2,True,2271a792887793792426da9b92a7b54d_1612112009
623,0,12,epistle,politician,revolution,doctor of the church,False,True,False,1,8418.0,1,6,person_2,True,2271a792887793792426da9b92a7b54d_1612112009
62,0,1,country,man,desert,empire,True,False,True,0,52980.0,1,6,person_2,True,2271a792887793792426da9b92a7b54d_1612112009
1286,0,25,state,region,city,state capital,False,False,False,1,2623.0,1,6,person_2,True,2271a792887793792426da9b92a7b54d_1612112009
8261,0,-7,general,engineer,journalist,titan,False,True,False,0,2189.0,1,6,person_2,False,2271a792887793792426da9b92a7b54d_1612112009
1643,0,32,range,sea,colony,revolutionary,False,True,False,0,2004.0,1,6,person_2,True,2271a792887793792426da9b92a7b54d_1612112009
827,0,16,bible,siege,suspension bridge,bay,False,False,True,1,1730.0,1,6,person_2,True,2271a792887793792426da9b92a7b54d_1612112009
266,0,5,country,cartoonist,country,capital,False,True,False,1,2482.0,1,6,person_2,True,2271a792887793792426da9b92a7b54d_1612112009
8267,0,-13,god,pope,waterfall,historian,False,True,False,0,2167.0,1,6,person_2,False,2271a792887793792426da9b92a7b54d_1612112009
5261,0,50,god,father,father,apostle,False,True,False,1,1793.0,1,6,person_2,True,2271a792887793792426da9b92a7b54d_1612112009
1490,0,29,asterism,terrestrial planet,politician,apostle,True,True,False,0,3304.0,1,6,person_2,True,2271a792887793792426da9b92a7b54d_1612112009
11,0,0,bishop,epistle,dictator,war,False,True,False,1,4764.0,1,6,person_2,True,2271a792887793792426da9b92a7b54d_1612112009
2102,0,41,district,village,strait,capital,True,True,False,0,2167.0,1,6,person_2,True,2271a792887793792426da9b92a7b54d_1612112009
8257,0,-3,father,wife,nazi,scientist,False,True,False,0,1878.0,1,6,person_2,False,2271a792887793792426da9b92a7b54d_1612112009
5159,0,48,national park,village,sea,volcano,False,False,True,0,1643.0,1,6,person_2,True,2271a792887793792426da9b92a7b54d_1612112009
1388,0,27,river,asterism,revolution,waterfall,False,False,False,0,3350.0,1,6,person_2,True,2271a792887793792426da9b92a7b54d_1612112009
878,0,17,crusade,film producer,thoroughbred,saint,True,True,False,0,4463.0,1,6,person_2,True,2271a792887793792426da9b92a7b54d_1612112009
5363,0,52,patron saint,thoroughbred,astronomer,volcano,True,True,False,0,6260.0,1,6,person_2,True,2271a792887793792426da9b92a7b54d_1612112009
8259,0,-5,composer,pianist,gulf,terrestrial planet,False,True,True,0,22000.0,1,6,person_2,False,2271a792887793792426da9b92a7b54d_1612112009
725,0,14,religious text,prayer,town,island,False,False,False,1,2340.0,1,6,person_2,True,2271a792887793792426da9b92a7b54d_1612112009
1592,0,31,country,university,binary star,friend,True,True,True,0,4286.0,1,6,person_2,True,2271a792887793792426da9b92a7b54d_1612112009
2051,0,40,range,star,colony,diplomat,False,False,False,1,2115.0,1,6,person_2,True,2271a792887793792426da9b92a7b54d_1612112009
8260,0,-6,lake,county,peninsula,printer,True,True,True,0,2416.0,1,6,person_2,False,2271a792887793792426da9b92a7b54d_1612112009
1337,0,26,continent,state,range,sea,False,True,False,1,2131.0,1,6,person_2,True,2271a792887793792426da9b92a7b54d_1612112009
1235,0,24,community,state,town,district,False,True,False,1,15738.0,1,6,person_3,True,bcc6010977ee50e2ef27f585636f4b35_1612112172
1949,0,38,sea,lake,pianist,soprano,False,True,True,1,6868.0,1,6,person_3,True,bcc6010977ee50e2ef27f585636f4b35_1612112172
1796,0,35,suspension bridge,aviator,university,state,False,True,False,1,7464.0,1,6,person_3,True,bcc6010977ee50e2ef27f585636f4b35_1612112172
878,0,17,crusade,film producer,thoroughbred,saint,True,True,True,0,4554.0,1,6,person_3,True,bcc6010977ee50e2ef27f585636f4b35_1612112172
8255,0,-1,bandleader,songwriter,peninsula,doctor,True,True,False,0,3775.0,1,6,person_3,False,bcc6010977ee50e2ef27f585636f4b35_1612112172
1439,0,28,town,region,isthmus,channel,False,True,False,0,4995.0,1,6,person_3,True,bcc6010977ee50e2ef27f585636f4b35_1612112172
2153,0,42,city,capital,city,volcano,True,True,False,0,2738.0,1,6,person_3,True,bcc6010977ee50e2ef27f585636f4b35_1612112172
1184,0,23,constellation,strait,waterfall,statesman,True,True,True,0,6482.0,1,6,person_3,True,bcc6010977ee50e2ef27f585636f4b35_1612112172
725,0,14,religious text,prayer,town,island,False,True,False,0,2692.0,1,6,person_3,True,bcc6010977ee50e2ef27f585636f4b35_1612112172
8266,0,-12,physicist,astronomer,film producer,valley,True,False,True,0,4040.0,1,6,person_3,False,bcc6010977ee50e2ef27f585636f4b35_1612112172
929,0,18,thoroughbred,muse,plateau,apostle,True,True,False,1,5642.0,1,6,person_3,True,bcc6010977ee50e2ef27f585636f4b35_1612112172
1286,0,25,state,region,city,state capital,False,True,False,1,2794.0,1,6,person_3,True,bcc6010977ee50e2ef27f585636f4b35_1612112172
470,0,9,roman emperor,bay,admiral,isthmus,True,True,False,1,5121.0,1,6,person_3,True,bcc6010977ee50e2ef27f585636f4b35_1612112172
827,0,16,bible,siege,suspension bridge,bay,False,False,False,1,3898.0,1,6,person_3,True,bcc6010977ee50e2ef27f585636f4b35_1612112172
8257,0,-3,father,wife,nazi,scientist,False,True,False,0,3036.0,1,6,person_3,False,bcc6010977ee50e2ef27f585636f4b35_1612112172
5363,0,52,patron saint,thoroughbred,astronomer,volcano,True,False,True,1,4099.0,1,6,person_3,True,bcc6010977ee50e2ef27f585636f4b35_1612112172
113,0,2,binary star,terrestrial planet,terrestrial planet,mathematician,True,False,False,0,4214.0,1,6,person_3,True,bcc6010977ee50e2ef27f585636f4b35_1612112172
521,0,10,island,valley,capital,illustrator,True,False,True,1,8087.0,1,6,person_3,True,bcc6010977ee50e2ef27f585636f4b35_1612112172
8264,0,-10,astronomer,terrestrial planet,peninsula,soldier,True,True,True,0,4217.0,1,6,person_3,False,bcc6010977ee50e2ef27f585636f4b35_1612112172
1592,0,31,country,university,binary star,friend,True,True,False,0,3549.0,1,6,person_3,True,bcc6010977ee50e2ef27f585636f4b35_1612112172
11,0,0,bishop,epistle,dictator,war,True,True,False,0,4487.0,1,6,person_3,True,bcc6010977ee50e2ef27f585636f4b35_1612112172
1082,0,21,missionary,archpriest,pope,prayer,True,True,False,1,1749.0,1,6,person_3,True,bcc6010977ee50e2ef27f585636f4b35_1612112172
5159,0,48,national park,village,sea,volcano,True,False,False,1,3936.0,1,6,person_3,True,bcc6010977ee50e2ef27f585636f4b35_1612112172
8259,0,-5,composer,pianist,gulf,terrestrial planet,True,False,False,0,4306.0,1,6,person_3,False,bcc6010977ee50e2ef27f585636f4b35_1612112172
674,0,13,waterfall,navigator,town,king,True,False,True,0,4372.0,1,6,person_3,True,bcc6010977ee50e2ef27f585636f4b35_1612112172
5108,0,47,district,valley,web browser,jew,True,False,False,0,4464.0,1,6,person_3,True,bcc6010977ee50e2ef27f585636f4b35_1612112172
5465,0,54,actor,geneticist,revolution,war,True,False,True,1,2345.0,1,6,person_3,True,bcc6010977ee50e2ef27f585636f4b35_1612112172
1490,0,29,asterism,terrestrial planet,politician,apostle,True,True,True,0,4294.0,1,6,person_3,True,bcc6010977ee50e2ef27f585636f4b35_1612112172
8267,0,-13,god,pope,waterfall,historian,True,False,True,0,3026.0,1,6,person_3,False,bcc6010977ee50e2ef27f585636f4b35_1612112172
5312,0,51,archipelago,sea,era,island,True,False,False,1,4831.0,1,6,person_3,True,bcc6010977ee50e2ef27f585636f4b35_1612112172
1337,0,26,continent,state,range,sea,True,True,True,0,4817.0,1,6,person_3,True,bcc6010977ee50e2ef27f585636f4b35_1612112172
1643,0,32,range,sea,colony,revolutionary,True,False,False,1,5496.0,1,6,person_3,True,bcc6010977ee50e2ef27f585636f4b35_1612112172
8262,0,-8,pianist,songwriter,patriarch,bay,False,False,False,0,2074.0,1,6,person_3,False,bcc6010977ee50e2ef27f585636f4b35_1612112172
623,0,12,epistle,politician,revolution,doctor of the church,True,True,False,1,6148.0,1,6,person_3,True,bcc6010977ee50e2ef27f585636f4b35_1612112172
5057,0,46,town,island,thoroughbred,titan,False,True,True,0,5186.0,1,6,person_3,True,bcc6010977ee50e2ef27f585636f4b35_1612112172
2204,0,43,politician,star,composer,artist,True,True,False,1,5778.0,1,6,person_3,True,bcc6010977ee50e2ef27f585636f4b35_1612112172
1031,0,20,city,colony,hill,valley,True,True,False,0,6052.0,1,6,person_3,True,bcc6010977ee50e2ef27f585636f4b35_1612112172
8268,0,-14,lyricist,songwriter,patriarch,volcano,False,True,False,0,3461.0,1,6,person_3,False,bcc6010977ee50e2ef27f585636f4b35_1612112172
1898,0,37,borough,anarchist,island,cape,False,True,True,1,2945.0,1,6,person_3,True,bcc6010977ee50e2ef27f585636f4b35_1612112172
2000,0,39,suspension bridge,archpriest,doctor of the church,patron saint,False,True,True,1,5209.0,1,6,person_3,True,bcc6010977ee50e2ef27f585636f4b35_1612112172
572,0,11,constellation,epoch,binary star,county,True,False,True,0,6218.0,1,6,person_3,True,bcc6010977ee50e2ef27f585636f4b35_1612112172
5210,0,49,suspension bridge,fiddler,range,asterism,False,True,True,0,2715.0,1,6,person_3,True,bcc6010977ee50e2ef27f585636f4b35_1612112172
8261,0,-7,general,engineer,journalist,titan,True,False,False,0,6422.0,1,6,person_3,False,bcc6010977ee50e2ef27f585636f4b35_1612112172
419,0,8,cape,village,promontory,district,False,False,True,0,3038.0,1,6,person_3,True,bcc6010977ee50e2ef27f585636f4b35_1612112172
776,0,15,empire,revolution,doctor of the church,bible,False,False,True,1,3584.0,1,6,person_3,True,bcc6010977ee50e2ef27f585636f4b35_1612112172
5414,0,53,promontory,peninsula,sea,admiral,False,False,False,1,5988.0,1,6,person_3,True,bcc6010977ee50e2ef27f585636f4b35_1612112172
8260,0,-6,lake,county,peninsula,printer,True,True,True,0,4282.0,1,6,person_3,False,bcc6010977ee50e2ef27f585636f4b35_1612112172
317,0,6,volcano,settler,street,continent,False,True,False,1,5210.0,1,6,person_3,True,bcc6010977ee50e2ef27f585636f4b35_1612112172
266,0,5,country,cartoonist,country,capital,True,False,False,1,2542.0,1,6,person_3,True,bcc6010977ee50e2ef27f585636f4b35_1612112172
980,0,19,colony,old master,siege,surgeon,False,True,False,0,4844.0,1,6,person_3,True,bcc6010977ee50e2ef27f585636f4b35_1612112172
4955,0,44,street,borough,desert,bible,False,True,True,0,6367.0,1,6,person_3,True,bcc6010977ee50e2ef27f585636f4b35_1612112172
8256,0,-2,city,town,state,fiddler,True,False,False,0,2881.0,1,6,person_3,False,bcc6010977ee50e2ef27f585636f4b35_1612112172
368,0,7,writer,jurist,astronaut,thoroughbred,True,True,False,0,3113.0,1,6,person_3,True,bcc6010977ee50e2ef27f585636f4b35_1612112172
164,0,3,university,city,valley,state,False,True,False,0,2370.0,1,6,person_3,True,bcc6010977ee50e2ef27f585636f4b35_1612112172
1133,0,22,archipelago,strait,prayer,organist,False,True,True,1,2934.0,1,6,person_3,True,bcc6010977ee50e2ef27f585636f4b35_1612112172
8269,0,-15,surgeon,neurologist,lake,soldier,True,False,True,0,2073.0,1,6,person_3,False,bcc6010977ee50e2ef27f585636f4b35_1612112172
1694,0,33,terrestrial planet,valley,state,volcano,False,False,False,0,3163.0,1,6,person_3,True,bcc6010977ee50e2ef27f585636f4b35_1612112172
62,0,1,country,man,desert,empire,True,False,False,0,3773.0,1,6,person_3,True,bcc6010977ee50e2ef27f585636f4b35_1612112172
1745,0,34,island,prayer,city,region,False,False,False,1,4080.0,1,6,person_3,True,bcc6010977ee50e2ef27f585636f4b35_1612112172
5261,0,50,god,father,father,apostle,True,False,True,0,3119.0,1,6,person_3,True,bcc6010977ee50e2ef27f585636f4b35_1612112172
8263,0,-9,mathematician,scientist,athlete,jew,True,False,False,1,3754.0,1,6,person_3,False,bcc6010977ee50e2ef27f585636f4b35_1612112172
1388,0,27,river,asterism,revolution,waterfall,True,False,False,0,7171.0,1,6,person_3,True,bcc6010977ee50e2ef27f585636f4b35_1612112172
215,0,4,river,archpriest,binary star,university,True,True,True,1,4562.0,1,6,person_3,True,bcc6010977ee50e2ef27f585636f4b35_1612112172
2102,0,41,district,village,strait,capital,False,True,True,0,2581.0,1,6,person_3,True,bcc6010977ee50e2ef27f585636f4b35_1612112172
1541,0,30,artist,songwriter,apostle,prayer,True,True,True,1,2684.0,1,6,person_3,True,bcc6010977ee50e2ef27f585636f4b35_1612112172
8265,0,-11,film producer,actor,nazi,journalist,False,True,True,0,3430.0,1,6,person_3,False,bcc6010977ee50e2ef27f585636f4b35_1612112172
2051,0,40,range,star,colony,diplomat,False,False,False,1,4745.0,1,6,person_3,True,bcc6010977ee50e2ef27f585636f4b35_1612112172
5006,0,45,composer,lyricist,waterfall,asterism,False,False,False,0,7846.0,1,6,person_3,True,bcc6010977ee50e2ef27f585636f4b35_1612112172
1847,0,36,architect,golfer,binary star,gulf,False,True,False,1,3074.0,1,6,person_3,True,bcc6010977ee50e2ef27f585636f4b35_1612112172
8258,0,-4,artist,songwriter,doctor,general,True,False,True,0,3307.0,1,6,person_3,False,bcc6010977ee50e2ef27f585636f4b35_1612112172
317,0,6,volcano,settler,street,continent,False,True,True,1,15688.0,1,6,person_4,True,c4a1b785366a1ee4986c67a9d47bd856_1612112444
980,0,19,colony,old master,siege,surgeon,True,True,False,0,9889.0,1,6,person_4,True,c4a1b785366a1ee4986c67a9d47bd856_1612112444
2000,0,39,suspension bridge,archpriest,doctor of the church,patron saint,True,True,False,0,6656.0,1,6,person_4,True,c4a1b785366a1ee4986c67a9d47bd856_1612112444
1847,0,36,architect,golfer,binary star,gulf,False,False,False,0,3045.0,1,6,person_4,True,c4a1b785366a1ee4986c67a9d47bd856_1612112444
8263,0,-9,mathematician,scientist,athlete,jew,True,True,False,0,2236.0,1,6,person_4,False,c4a1b785366a1ee4986c67a9d47bd856_1612112444
5261,0,50,god,father,father,apostle,True,True,True,1,4554.0,1,6,person_4,True,c4a1b785366a1ee4986c67a9d47bd856_1612112444
5159,0,48,national park,village,sea,volcano,True,False,True,0,1874.0,1,6,person_4,True,c4a1b785366a1ee4986c67a9d47bd856_1612112444
62,0,1,country,man,desert,empire,True,False,False,0,1951.0,1,6,person_4,True,c4a1b785366a1ee4986c67a9d47bd856_1612112444
419,0,8,cape,village,promontory,district,False,False,False,1,2115.0,1,6,person_4,True,c4a1b785366a1ee4986c67a9d47bd856_1612112444
8267,0,-13,god,pope,waterfall,historian,True,False,True,0,2033.0,1,6,person_4,False,c4a1b785366a1ee4986c67a9d47bd856_1612112444
1388,0,27,river,asterism,revolution,waterfall,True,True,False,1,1185.0,1,6,person_4,True,c4a1b785366a1ee4986c67a9d47bd856_1612112444
1133,0,22,archipelago,strait,prayer,organist,False,True,True,0,2090.0,1,6,person_4,True,c4a1b785366a1ee4986c67a9d47bd856_1612112444
1643,0,32,range,sea,colony,revolutionary,False,False,False,1,81329.0,1,6,person_4,True,c4a1b785366a1ee4986c67a9d47bd856_1612112444
5414,0,53,promontory,peninsula,sea,admiral,False,True,False,1,2349.0,1,6,person_4,True,c4a1b785366a1ee4986c67a9d47bd856_1612112444
8261,0,-7,general,engineer,journalist,titan,True,False,True,0,2755.0,1,6,person_4,False,c4a1b785366a1ee4986c67a9d47bd856_1612112444
5108,0,47,district,valley,web browser,jew,False,False,True,0,1356.0,1,6,person_4,True,c4a1b785366a1ee4986c67a9d47bd856_1612112444
266,0,5,country,cartoonist,country,capital,True,True,True,1,2161.0,1,6,person_4,True,c4a1b785366a1ee4986c67a9d47bd856_1612112444
1439,0,28,town,region,isthmus,channel,False,True,False,0,1641.0,1,6,person_4,True,c4a1b785366a1ee4986c67a9d47bd856_1612112444
8256,0,-2,city,town,state,fiddler,True,True,True,0,1396.0,1,6,person_4,False,c4a1b785366a1ee4986c67a9d47bd856_1612112444
623,0,12,epistle,politician,revolution,doctor of the church,True,False,True,0,1255.0,1,6,person_4,True,c4a1b785366a1ee4986c67a9d47bd856_1612112444
470,0,9,roman emperor,bay,admiral,isthmus,False,False,False,0,883.0,1,6,person_4,True,c4a1b785366a1ee4986c67a9d47bd856_1612112444
1898,0,37,borough,anarchist,island,cape,True,True,True,1,710.0,1,6,person_4,True,c4a1b785366a1ee4986c67a9d47bd856_1612112444
827,0,16,bible,siege,suspension bridge,bay,False,False,True,1,1438.0,1,6,person_4,True,c4a1b785366a1ee4986c67a9d47bd856_1612112444
8262,0,-8,pianist,songwriter,patriarch,bay,False,False,True,0,95345.0,1,6,person_4,False,c4a1b785366a1ee4986c67a9d47bd856_1612112444
5312,0,51,archipelago,sea,era,island,True,False,False,0,1285.0,1,6,person_4,True,c4a1b785366a1ee4986c67a9d47bd856_1612112444
5057,0,46,town,island,thoroughbred,titan,False,True,False,0,1208.0,1,6,person_4,True,c4a1b785366a1ee4986c67a9d47bd856_1612112444
2204,0,43,politician,star,composer,artist,False,False,False,0,1078.0,1,6,person_4,True,c4a1b785366a1ee4986c67a9d47bd856_1612112444
5363,0,52,patron saint,thoroughbred,astronomer,volcano,False,True,False,1,942.0,1,6,person_4,True,c4a1b785366a1ee4986c67a9d47bd856_1612112444
8255,0,-1,bandleader,songwriter,peninsula,doctor,True,False,False,0,1216.0,1,6,person_4,False,c4a1b785366a1ee4986c67a9d47bd856_1612112444
5210,0,49,suspension bridge,fiddler,range,asterism,True,True,False,1,782.0,1,6,person_4,True,c4a1b785366a1ee4986c67a9d47bd856_1612112444
113,0,2,binary star,terrestrial planet,terrestrial planet,mathematician,True,True,False,0,791.0,1,6,person_4,True,c4a1b785366a1ee4986c67a9d47bd856_1612112444
1490,0,29,asterism,terrestrial planet,politician,apostle,False,False,False,1,1979.0,1,6,person_4,True,c4a1b785366a1ee4986c67a9d47bd856_1612112444
8269,0,-15,surgeon,neurologist,lake,soldier,False,False,False,0,985.0,1,6,person_4,False,c4a1b785366a1ee4986c67a9d47bd856_1612112444
2051,0,40,range,star,colony,diplomat,False,False,False,1,893.0,1,6,person_4,True,c4a1b785366a1ee4986c67a9d47bd856_1612112444
1745,0,34,island,prayer,city,region,False,False,True,1,1134.0,1,6,person_4,True,c4a1b785366a1ee4986c67a9d47bd856_1612112444
878,0,17,crusade,film producer,thoroughbred,saint,False,False,False,0,414.0,1,6,person_4,True,c4a1b785366a1ee4986c67a9d47bd856_1612112444
1694,0,33,terrestrial planet,valley,state,volcano,True,True,True,0,673.0,1,6,person_4,True,c4a1b785366a1ee4986c67a9d47bd856_1612112444
8259,0,-5,composer,pianist,gulf,terrestrial planet,False,False,False,0,1491.0,1,6,person_4,False,c4a1b785366a1ee4986c67a9d47bd856_1612112444
776,0,15,empire,revolution,doctor of the church,bible,True,True,True,1,1965.0,1,6,person_4,True,c4a1b785366a1ee4986c67a9d47bd856_1612112444
5006,0,45,composer,lyricist,waterfall,asterism,True,False,False,0,1453.0,1,6,person_4,True,c4a1b785366a1ee4986c67a9d47bd856_1612112444
1592,0,31,country,university,binary star,friend,False,True,False,0,1226.0,1,6,person_4,True,c4a1b785366a1ee4986c67a9d47bd856_1612112444
674,0,13,waterfall,navigator,town,king,True,True,True,0,2373.0,1,6,person_4,True,c4a1b785366a1ee4986c67a9d47bd856_1612112444
8266,0,-12,physicist,astronomer,film producer,valley,True,True,False,0,503.0,1,6,person_4,False,c4a1b785366a1ee4986c67a9d47bd856_1612112444
1031,0,20,city,colony,hill,valley,True,False,False,1,801.0,1,6,person_4,True,c4a1b785366a1ee4986c67a9d47bd856_1612112444
1949,0,38,sea,lake,pianist,soprano,True,True,False,1,1002.0,1,6,person_4,True,c4a1b785366a1ee4986c67a9d47bd856_1612112444
1541,0,30,artist,songwriter,apostle,prayer,True,False,True,0,885.0,1,6,person_4,True,c4a1b785366a1ee4986c67a9d47bd856_1612112444
8268,0,-14,lyricist,songwriter,patriarch,volcano,False,False,False,0,1128.0,1,6,person_4,False,c4a1b785366a1ee4986c67a9d47bd856_1612112444
368,0,7,writer,jurist,astronaut,thoroughbred,True,True,False,0,1873.0,1,6,person_4,True,c4a1b785366a1ee4986c67a9d47bd856_1612112444
2102,0,41,district,village,strait,capital,True,False,True,0,2079.0,1,6,person_4,True,c4a1b785366a1ee4986c67a9d47bd856_1612112444
2153,0,42,city,capital,city,volcano,True,False,True,0,4837.0,1,6,person_4,True,c4a1b785366a1ee4986c67a9d47bd856_1612112444
4955,0,44,street,borough,desert,bible,True,True,False,1,1356.0,1,6,person_4,True,c4a1b785366a1ee4986c67a9d47bd856_1612112444
8264,0,-10,astronomer,terrestrial planet,peninsula,soldier,False,True,True,1,1654.0,1,6,person_4,False,c4a1b785366a1ee4986c67a9d47bd856_1612112444
5465,0,54,actor,geneticist,revolution,war,False,True,False,0,730.0,1,6,person_4,True,c4a1b785366a1ee4986c67a9d47bd856_1612112444
215,0,4,river,archpriest,binary star,university,True,True,True,0,1261.0,1,6,person_4,True,c4a1b785366a1ee4986c67a9d47bd856_1612112444
1082,0,21,missionary,archpriest,pope,prayer,True,True,False,1,996.0,1,6,person_4,True,c4a1b785366a1ee4986c67a9d47bd856_1612112444
8265,0,-11,film producer,actor,nazi,journalist,False,True,True,1,736.0,1,6,person_4,False,c4a1b785366a1ee4986c67a9d47bd856_1612112444
521,0,10,island,valley,capital,illustrator,False,False,False,1,491.0,1,6,person_4,True,c4a1b785366a1ee4986c67a9d47bd856_1612112444
572,0,11,constellation,epoch,binary star,county,False,True,True,0,947.0,1,6,person_4,True,c4a1b785366a1ee4986c67a9d47bd856_1612112444
164,0,3,university,city,valley,state,False,True,False,0,838.0,1,6,person_4,True,c4a1b785366a1ee4986c67a9d47bd856_1612112444
1796,0,35,suspension bridge,aviator,university,state,False,True,False,0,1483.0,1,6,person_4,True,c4a1b785366a1ee4986c67a9d47bd856_1612112444
8260,0,-6,lake,county,peninsula,printer,False,True,True,1,876.0,1,6,person_4,False,c4a1b785366a1ee4986c67a9d47bd856_1612112444
725,0,14,religious text,prayer,town,island,True,False,True,1,505.0,1,6,person_4,True,c4a1b785366a1ee4986c67a9d47bd856_1612112444
929,0,18,thoroughbred,muse,plateau,apostle,True,False,False,0,789.0,1,6,person_4,True,c4a1b785366a1ee4986c67a9d47bd856_1612112444
1184,0,23,constellation,strait,waterfall,statesman,False,False,True,0,700.0,1,6,person_4,True,c4a1b785366a1ee4986c67a9d47bd856_1612112444
11,0,0,bishop,epistle,dictator,war,False,True,True,0,616.0,1,6,person_4,True,c4a1b785366a1ee4986c67a9d47bd856_1612112444
8257,0,-3,father,wife,nazi,scientist,False,True,False,1,853.0,1,6,person_4,False,c4a1b785366a1ee4986c67a9d47bd856_1612112444
1337,0,26,continent,state,range,sea,False,True,True,1,956.0,1,6,person_4,True,c4a1b785366a1ee4986c67a9d47bd856_1612112444
1235,0,24,community,state,town,district,True,True,False,1,749.0,1,6,person_4,True,c4a1b785366a1ee4986c67a9d47bd856_1612112444
1286,0,25,state,region,city,state capital,False,True,False,0,692.0,1,6,person_4,True,c4a1b785366a1ee4986c67a9d47bd856_1612112444
8258,0,-4,artist,songwriter,doctor,general,True,False,True,0,1027.0,1,6,person_4,False,c4a1b785366a1ee4986c67a9d47bd856_1612112444
1745,0,34,island,prayer,city,region,True,True,False,1,4724.0,1,6,person_5,True,ef73845bb9fe882e5fcefc8fe96b9f05_1612112877
878,0,17,crusade,film producer,thoroughbred,saint,False,False,False,0,3193.0,1,6,person_5,True,ef73845bb9fe882e5fcefc8fe96b9f05_1612112877
164,0,3,university,city,valley,state,False,True,False,0,2843.0,1,6,person_5,True,ef73845bb9fe882e5fcefc8fe96b9f05_1612112877
8263,0,-9,mathematician,scientist,athlete,jew,True,False,False,0,4717.0,1,6,person_5,False,ef73845bb9fe882e5fcefc8fe96b9f05_1612112877
572,0,11,constellation,epoch,binary star,county,True,True,False,0,3184.0,1,6,person_5,True,ef73845bb9fe882e5fcefc8fe96b9f05_1612112877
215,0,4,river,archpriest,binary star,university,True,True,False,1,8820.0,1,6,person_5,True,ef73845bb9fe882e5fcefc8fe96b9f05_1612112877
113,0,2,binary star,terrestrial planet,terrestrial planet,mathematician,True,False,True,0,1878.0,1,6,person_5,True,ef73845bb9fe882e5fcefc8fe96b9f05_1612112877
1031,0,20,city,colony,hill,valley,False,True,False,0,1602.0,1,6,person_5,True,ef73845bb9fe882e5fcefc8fe96b9f05_1612112877
8265,0,-11,film producer,actor,nazi,journalist,False,False,True,1,1342.0,1,6,person_5,False,ef73845bb9fe882e5fcefc8fe96b9f05_1612112877
4955,0,44,street,borough,desert,bible,True,False,False,1,1303.0,1,6,person_5,True,ef73845bb9fe882e5fcefc8fe96b9f05_1612112877
5006,0,45,composer,lyricist,waterfall,asterism,False,False,True,1,1043.0,1,6,person_5,True,ef73845bb9fe882e5fcefc8fe96b9f05_1612112877
2153,0,42,city,capital,city,volcano,False,True,True,0,1147.0,1,6,person_5,True,ef73845bb9fe882e5fcefc8fe96b9f05_1612112877
1337,0,26,continent,state,range,sea,True,False,False,0,4785.0,1,6,person_5,True,ef73845bb9fe882e5fcefc8fe96b9f05_1612112877
8267,0,-13,god,pope,waterfall,historian,False,False,True,1,1280.0,1,6,person_5,False,ef73845bb9fe882e5fcefc8fe96b9f05_1612112877
521,0,10,island,valley,capital,illustrator,True,True,True,1,1450.0,1,6,person_5,True,ef73845bb9fe882e5fcefc8fe96b9f05_1612112877
1847,0,36,architect,golfer,binary star,gulf,True,False,True,0,939.0,1,6,person_5,True,ef73845bb9fe882e5fcefc8fe96b9f05_1612112877
1286,0,25,state,region,city,state capital,True,True,False,0,1871.0,1,6,person_5,True,ef73845bb9fe882e5fcefc8fe96b9f05_1612112877
8256,0,-2,city,town,state,fiddler,False,False,True,1,1314.0,1,6,person_5,False,ef73845bb9fe882e5fcefc8fe96b9f05_1612112877
1439,0,28,town,region,isthmus,channel,True,True,False,0,1003.0,1,6,person_5,True,ef73845bb9fe882e5fcefc8fe96b9f05_1612112877
980,0,19,colony,old master,siege,surgeon,False,True,False,0,1313.0,1,6,person_5,True,ef73845bb9fe882e5fcefc8fe96b9f05_1612112877
5261,0,50,god,father,father,apostle,True,False,False,0,1117.0,1,6,person_5,True,ef73845bb9fe882e5fcefc8fe96b9f05_1612112877
2204,0,43,politician,star,composer,artist,False,True,True,0,1119.0,1,6,person_5,True,ef73845bb9fe882e5fcefc8fe96b9f05_1612112877
8255,0,-1,bandleader,songwriter,peninsula,doctor,True,False,False,0,1313.0,1,6,person_5,False,ef73845bb9fe882e5fcefc8fe96b9f05_1612112877
368,0,7,writer,jurist,astronaut,thoroughbred,True,True,False,0,1054.0,1,6,person_5,True,ef73845bb9fe882e5fcefc8fe96b9f05_1612112877
470,0,9,roman emperor,bay,admiral,isthmus,False,True,True,0,1362.0,1,6,person_5,True,ef73845bb9fe882e5fcefc8fe96b9f05_1612112877
674,0,13,waterfall,navigator,town,king,True,True,False,0,1187.0,1,6,person_5,True,ef73845bb9fe882e5fcefc8fe96b9f05_1612112877
1133,0,22,archipelago,strait,prayer,organist,True,True,True,1,1336.0,1,6,person_5,True,ef73845bb9fe882e5fcefc8fe96b9f05_1612112877
8260,0,-6,lake,county,peninsula,printer,False,True,True,0,3224.0,1,6,person_5,False,ef73845bb9fe882e5fcefc8fe96b9f05_1612112877
827,0,16,bible,siege,suspension bridge,bay,False,True,False,1,918.0,1,6,person_5,True,ef73845bb9fe882e5fcefc8fe96b9f05_1612112877
5465,0,54,actor,geneticist,revolution,war,False,True,False,0,2225.0,1,6,person_5,True,ef73845bb9fe882e5fcefc8fe96b9f05_1612112877
1592,0,31,country,university,binary star,friend,True,False,True,0,1136.0,1,6,person_5,True,ef73845bb9fe882e5fcefc8fe96b9f05_1612112877
8258,0,-4,artist,songwriter,doctor,general,True,True,False,1,883.0,1,6,person_5,False,ef73845bb9fe882e5fcefc8fe96b9f05_1612112877
776,0,15,empire,revolution,doctor of the church,bible,False,True,False,1,961.0,1,6,person_5,True,ef73845bb9fe882e5fcefc8fe96b9f05_1612112877
11,0,0,bishop,epistle,dictator,war,False,True,False,0,969.0,1,6,person_5,True,ef73845bb9fe882e5fcefc8fe96b9f05_1612112877
1796,0,35,suspension bridge,aviator,university,state,False,True,False,1,1039.0,1,6,person_5,True,ef73845bb9fe882e5fcefc8fe96b9f05_1612112877
5108,0,47,district,valley,web browser,jew,True,True,True,1,1075.0,1,6,person_5,True,ef73845bb9fe882e5fcefc8fe96b9f05_1612112877
8269,0,-15,surgeon,neurologist,lake,soldier,False,False,False,1,894.0,1,6,person_5,False,ef73845bb9fe882e5fcefc8fe96b9f05_1612112877
5057,0,46,town,island,thoroughbred,titan,True,False,True,1,1178.0,1,6,person_5,True,ef73845bb9fe882e5fcefc8fe96b9f05_1612112877
2000,0,39,suspension bridge,archpriest,doctor of the church,patron saint,True,True,False,0,1143.0,1,6,person_5,True,ef73845bb9fe882e5fcefc8fe96b9f05_1612112877
1184,0,23,constellation,strait,waterfall,statesman,True,True,True,1,1205.0,1,6,person_5,True,ef73845bb9fe882e5fcefc8fe96b9f05_1612112877
1082,0,21,missionary,archpriest,pope,prayer,False,False,False,1,1139.0,1,6,person_5,True,ef73845bb9fe882e5fcefc8fe96b9f05_1612112877
8257,0,-3,father,wife,nazi,scientist,True,False,False,1,1203.0,1,6,person_5,False,ef73845bb9fe882e5fcefc8fe96b9f05_1612112877
5312,0,51,archipelago,sea,era,island,False,True,True,1,898.0,1,6,person_5,True,ef73845bb9fe882e5fcefc8fe96b9f05_1612112877
1949,0,38,sea,lake,pianist,soprano,True,True,False,0,1570.0,1,6,person_5,True,ef73845bb9fe882e5fcefc8fe96b9f05_1612112877
623,0,12,epistle,politician,revolution,doctor of the church,False,True,False,1,1257.0,1,6,person_5,True,ef73845bb9fe882e5fcefc8fe96b9f05_1612112877
8259,0,-5,composer,pianist,gulf,terrestrial planet,True,True,True,0,1301.0,1,6,person_5,False,ef73845bb9fe882e5fcefc8fe96b9f05_1612112877
5363,0,52,patron saint,thoroughbred,astronomer,volcano,True,True,True,0,983.0,1,6,person_5,True,ef73845bb9fe882e5fcefc8fe96b9f05_1612112877
1898,0,37,borough,anarchist,island,cape,False,False,True,1,1503.0,1,6,person_5,True,ef73845bb9fe882e5fcefc8fe96b9f05_1612112877
929,0,18,thoroughbred,muse,plateau,apostle,False,True,False,0,1166.0,1,6,person_5,True,ef73845bb9fe882e5fcefc8fe96b9f05_1612112877
266,0,5,country,cartoonist,country,capital,True,True,False,0,1138.0,1,6,person_5,True,ef73845bb9fe882e5fcefc8fe96b9f05_1612112877
8266,0,-12,physicist,astronomer,film producer,valley,True,True,True,1,2033.0,1,6,person_5,False,ef73845bb9fe882e5fcefc8fe96b9f05_1612112877
1643,0,32,range,sea,colony,revolutionary,True,False,True,0,1050.0,1,6,person_5,True,ef73845bb9fe882e5fcefc8fe96b9f05_1612112877
5159,0,48,national park,village,sea,volcano,True,True,False,1,1949.0,1,6,person_5,True,ef73845bb9fe882e5fcefc8fe96b9f05_1612112877
1235,0,24,community,state,town,district,False,False,False,1,1010.0,1,6,person_5,True,ef73845bb9fe882e5fcefc8fe96b9f05_1612112877
8264,0,-10,astronomer,terrestrial planet,peninsula,soldier,False,True,False,0,1122.0,1,6,person_5,False,ef73845bb9fe882e5fcefc8fe96b9f05_1612112877
1490,0,29,asterism,terrestrial planet,politician,apostle,True,False,True,0,1165.0,1,6,person_5,True,ef73845bb9fe882e5fcefc8fe96b9f05_1612112877
1541,0,30,artist,songwriter,apostle,prayer,False,True,True,0,940.0,1,6,person_5,True,ef73845bb9fe882e5fcefc8fe96b9f05_1612112877
317,0,6,volcano,settler,street,continent,True,True,True,0,2343.0,1,6,person_5,True,ef73845bb9fe882e5fcefc8fe96b9f05_1612112877
5414,0,53,promontory,peninsula,sea,admiral,False,True,False,0,1043.0,1,6,person_5,True,ef73845bb9fe882e5fcefc8fe96b9f05_1612112877
8268,0,-14,lyricist,songwriter,patriarch,volcano,False,True,True,1,1503.0,1,6,person_5,False,ef73845bb9fe882e5fcefc8fe96b9f05_1612112877
2102,0,41,district,village,strait,capital,False,True,False,0,1357.0,1,6,person_5,True,ef73845bb9fe882e5fcefc8fe96b9f05_1612112877
5210,0,49,suspension bridge,fiddler,range,asterism,True,False,True,0,3579.0,1,6,person_5,True,ef73845bb9fe882e5fcefc8fe96b9f05_1612112877
419,0,8,cape,village,promontory,district,False,True,True,0,1405.0,1,6,person_5,True,ef73845bb9fe882e5fcefc8fe96b9f05_1612112877
725,0,14,religious text,prayer,town,island,False,True,True,1,2520.0,1,6,person_5,True,ef73845bb9fe882e5fcefc8fe96b9f05_1612112877
8261,0,-7,general,engineer,journalist,titan,True,False,False,0,1001.0,1,6,person_5,False,ef73845bb9fe882e5fcefc8fe96b9f05_1612112877
2051,0,40,range,star,colony,diplomat,True,True,False,0,2260.0,1,6,person_5,True,ef73845bb9fe882e5fcefc8fe96b9f05_1612112877
1694,0,33,terrestrial planet,valley,state,volcano,True,True,True,1,922.0,1,6,person_5,True,ef73845bb9fe882e5fcefc8fe96b9f05_1612112877
62,0,1,country,man,desert,empire,False,True,False,1,861.0,1,6,person_5,True,ef73845bb9fe882e5fcefc8fe96b9f05_1612112877
8262,0,-8,pianist,songwriter,patriarch,bay,False,True,False,0,3935.0,1,6,person_5,False,ef73845bb9fe882e5fcefc8fe96b9f05_1612112877
1388,0,27,river,asterism,revolution,waterfall,False,False,False,1,5623.0,1,6,person_5,True,ef73845bb9fe882e5fcefc8fe96b9f05_1612112877
1847,0,36,architect,golfer,binary star,gulf,True,True,True,1,23629.0,1,6,person_6,True,72d337c3e7709830609acafbd6352981_1612115653
5363,0,52,patron saint,thoroughbred,astronomer,volcano,False,True,True,1,23527.0,1,6,person_6,True,72d337c3e7709830609acafbd6352981_1612115653
1082,0,21,missionary,archpriest,pope,prayer,False,False,False,0,13869.0,1,6,person_6,True,72d337c3e7709830609acafbd6352981_1612115653
2153,0,42,city,capital,city,volcano,False,True,True,0,6109.0,1,6,person_6,True,72d337c3e7709830609acafbd6352981_1612115653
8267,0,-13,god,pope,waterfall,historian,True,True,False,0,4218.0,1,6,person_6,False,72d337c3e7709830609acafbd6352981_1612115653
5261,0,50,god,father,father,apostle,False,False,False,1,17610.0,1,6,person_6,True,72d337c3e7709830609acafbd6352981_1612115653
572,0,11,constellation,epoch,binary star,county,False,False,False,0,12766.0,1,6,person_6,True,72d337c3e7709830609acafbd6352981_1612115653
776,0,15,empire,revolution,doctor of the church,bible,True,True,True,0,24510.0,1,6,person_6,True,72d337c3e7709830609acafbd6352981_1612115653
827,0,16,bible,siege,suspension bridge,bay,True,True,True,1,7667.0,1,6,person_6,True,72d337c3e7709830609acafbd6352981_1612115653
8269,0,-15,surgeon,neurologist,lake,soldier,True,False,True,0,2318.0,1,6,person_6,False,72d337c3e7709830609acafbd6352981_1612115653
5108,0,47,district,valley,web browser,jew,False,False,True,0,3638.0,1,6,person_6,True,72d337c3e7709830609acafbd6352981_1612115653
5312,0,51,archipelago,sea,era,island,True,True,False,0,3198.0,1,6,person_6,True,72d337c3e7709830609acafbd6352981_1612115653
1286,0,25,state,region,city,state capital,True,True,False,0,21569.0,1,6,person_6,True,72d337c3e7709830609acafbd6352981_1612115653
1796,0,35,suspension bridge,aviator,university,state,False,False,True,1,7938.0,1,6,person_6,True,72d337c3e7709830609acafbd6352981_1612115653
8262,0,-8,pianist,songwriter,patriarch,bay,True,False,False,0,5183.0,1,6,person_6,False,72d337c3e7709830609acafbd6352981_1612115653
62,0,1,country,man,desert,empire,False,True,True,1,15899.0,1,6,person_6,True,72d337c3e7709830609acafbd6352981_1612115653
11,0,0,bishop,epistle,dictator,war,True,False,False,0,11978.0,1,6,person_6,True,72d337c3e7709830609acafbd6352981_1612115653
5414,0,53,promontory,peninsula,sea,admiral,True,True,True,0,8437.0,1,6,person_6,True,72d337c3e7709830609acafbd6352981_1612115653
8260,0,-6,lake,county,peninsula,printer,False,False,False,0,5577.0,1,6,person_6,False,72d337c3e7709830609acafbd6352981_1612115653
5057,0,46,town,island,thoroughbred,titan,True,True,True,0,14437.0,1,6,person_6,True,72d337c3e7709830609acafbd6352981_1612115653
1184,0,23,constellation,strait,waterfall,statesman,True,True,False,0,10688.0,1,6,person_6,True,72d337c3e7709830609acafbd6352981_1612115653
5210,0,49,suspension bridge,fiddler,range,asterism,False,False,True,1,14818.0,1,6,person_6,True,72d337c3e7709830609acafbd6352981_1612115653
317,0,6,volcano,settler,street,continent,True,False,True,1,8568.0,1,6,person_6,True,72d337c3e7709830609acafbd6352981_1612115653
8266,0,-12,physicist,astronomer,film producer,valley,True,False,False,0,2277.0,1,6,person_6,False,72d337c3e7709830609acafbd6352981_1612115653
5006,0,45,composer,lyricist,waterfall,asterism,True,True,True,0,2461.0,1,6,person_6,True,72d337c3e7709830609acafbd6352981_1612115653
980,0,19,colony,old master,siege,surgeon,True,False,True,1,13807.0,1,6,person_6,True,72d337c3e7709830609acafbd6352981_1612115653
1235,0,24,community,state,town,district,True,True,False,1,12768.0,1,6,person_6,True,72d337c3e7709830609acafbd6352981_1612115653
1745,0,34,island,prayer,city,region,True,True,False,1,8129.0,1,6,person_6,True,72d337c3e7709830609acafbd6352981_1612115653
8258,0,-4,artist,songwriter,doctor,general,True,True,False,0,5067.0,1,6,person_6,False,72d337c3e7709830609acafbd6352981_1612115653
164,0,3,university,city,valley,state,True,False,False,0,14716.0,1,6,person_6,True,72d337c3e7709830609acafbd6352981_1612115653
1949,0,38,sea,lake,pianist,soprano,False,True,False,0,13270.0,1,6,person_6,True,72d337c3e7709830609acafbd6352981_1612115653
2102,0,41,district,village,strait,capital,False,True,False,0,2978.0,1,6,person_6,True,72d337c3e7709830609acafbd6352981_1612115653
8255,0,-1,bandleader,songwriter,peninsula,doctor,True,True,True,0,5519.0,1,6,person_6,False,72d337c3e7709830609acafbd6352981_1612115653
725,0,14,religious text,prayer,town,island,False,False,False,1,3009.0,1,6,person_6,True,72d337c3e7709830609acafbd6352981_1612115653
368,0,7,writer,jurist,astronaut,thoroughbred,False,False,True,0,8779.0,1,6,person_6,True,72d337c3e7709830609acafbd6352981_1612115653
1388,0,27,river,asterism,revolution,waterfall,True,False,True,0,17368.0,1,6,person_6,True,72d337c3e7709830609acafbd6352981_1612115653
266,0,5,country,cartoonist,country,capital,True,False,False,1,3225.0,1,6,person_6,True,72d337c3e7709830609acafbd6352981_1612115653
8264,0,-10,astronomer,terrestrial planet,peninsula,soldier,True,False,True,0,3063.0,1,6,person_6,False,72d337c3e7709830609acafbd6352981_1612115653
2051,0,40,range,star,colony,diplomat,True,True,True,1,10342.0,1,6,person_6,True,72d337c3e7709830609acafbd6352981_1612115653
2204,0,43,politician,star,composer,artist,False,True,False,1,3401.0,1,6,person_6,True,72d337c3e7709830609acafbd6352981_1612115653
113,0,2,binary star,terrestrial planet,terrestrial planet,mathematician,False,False,True,0,3438.0,1,6,person_6,True,72d337c3e7709830609acafbd6352981_1612115653
623,0,12,epistle,politician,revolution,doctor of the church,False,False,True,0,15518.0,1,6,person_6,True,72d337c3e7709830609acafbd6352981_1612115653
8261,0,-7,general,engineer,journalist,titan,True,True,False,0,6723.0,1,6,person_6,False,72d337c3e7709830609acafbd6352981_1612115653
1337,0,26,continent,state,range,sea,False,True,False,0,17687.0,1,6,person_6,True,72d337c3e7709830609acafbd6352981_1612115653
1541,0,30,artist,songwriter,apostle,prayer,True,False,False,1,10351.0,1,6,person_6,True,72d337c3e7709830609acafbd6352981_1612115653
1439,0,28,town,region,isthmus,channel,False,False,True,1,18205.0,1,6,person_6,True,72d337c3e7709830609acafbd6352981_1612115653
8268,0,-14,lyricist,songwriter,patriarch,volcano,False,False,True,0,2383.0,1,6,person_6,False,72d337c3e7709830609acafbd6352981_1612115653
674,0,13,waterfall,navigator,town,king,False,True,True,0,12397.0,1,6,person_6,True,72d337c3e7709830609acafbd6352981_1612115653
4955,0,44,street,borough,desert,bible,False,False,True,0,8365.0,1,6,person_6,True,72d337c3e7709830609acafbd6352981_1612115653
5465,0,54,actor,geneticist,revolution,war,True,False,True,1,3037.0,1,6,person_6,True,72d337c3e7709830609acafbd6352981_1612115653
470,0,9,roman emperor,bay,admiral,isthmus,False,True,False,1,15819.0,1,6,person_6,True,72d337c3e7709830609acafbd6352981_1612115653
8265,0,-11,film producer,actor,nazi,journalist,False,False,True,0,4528.0,1,6,person_6,False,72d337c3e7709830609acafbd6352981_1612115653
1643,0,32,range,sea,colony,revolutionary,False,True,False,0,3146.0,1,6,person_6,True,72d337c3e7709830609acafbd6352981_1612115653
419,0,8,cape,village,promontory,district,False,True,False,0,10380.0,1,6,person_6,True,72d337c3e7709830609acafbd6352981_1612115653
5159,0,48,national park,village,sea,volcano,False,False,True,1,15067.0,1,6,person_6,True,72d337c3e7709830609acafbd6352981_1612115653
8257,0,-3,father,wife,nazi,scientist,False,False,False,1,12454.0,1,6,person_6,False,72d337c3e7709830609acafbd6352981_1612115653
878,0,17,crusade,film producer,thoroughbred,saint,True,False,False,0,11798.0,1,6,person_6,True,72d337c3e7709830609acafbd6352981_1612115653
215,0,4,river,archpriest,binary star,university,False,False,True,1,9771.0,1,6,person_6,True,72d337c3e7709830609acafbd6352981_1612115653
1031,0,20,city,colony,hill,valley,False,True,False,1,7359.0,1,6,person_6,True,72d337c3e7709830609acafbd6352981_1612115653
1694,0,33,terrestrial planet,valley,state,volcano,True,False,True,0,6479.0,1,6,person_6,True,72d337c3e7709830609acafbd6352981_1612115653
8263,0,-9,mathematician,scientist,athlete,jew,False,False,True,0,2612.0,1,6,person_6,False,72d337c3e7709830609acafbd6352981_1612115653
521,0,10,island,valley,capital,illustrator,False,False,True,0,4313.0,1,6,person_6,True,72d337c3e7709830609acafbd6352981_1612115653
2000,0,39,suspension bridge,archpriest,doctor of the church,patron saint,False,True,False,1,3857.0,1,6,person_6,True,72d337c3e7709830609acafbd6352981_1612115653
1898,0,37,borough,anarchist,island,cape,False,True,False,1,2349.0,1,6,person_6,True,72d337c3e7709830609acafbd6352981_1612115653
1592,0,31,country,university,binary star,friend,False,False,True,0,2739.0,1,6,person_6,True,72d337c3e7709830609acafbd6352981_1612115653
8259,0,-5,composer,pianist,gulf,terrestrial planet,True,True,False,0,2486.0,1,6,person_6,False,72d337c3e7709830609acafbd6352981_1612115653
1133,0,22,archipelago,strait,prayer,organist,False,False,True,0,6032.0,1,6,person_6,True,72d337c3e7709830609acafbd6352981_1612115653
929,0,18,thoroughbred,muse,plateau,apostle,True,True,False,0,19838.0,1,6,person_6,True,72d337c3e7709830609acafbd6352981_1612115653
1490,0,29,asterism,terrestrial planet,politician,apostle,False,True,True,1,4227.0,1,6,person_6,True,72d337c3e7709830609acafbd6352981_1612115653
8256,0,-2,city,town,state,fiddler,False,True,False,0,2788.0,1,6,person_6,False,72d337c3e7709830609acafbd6352981_1612115653
5312,0,51,archipelago,sea,era,island,True,True,True,0,15047.0,1,6,person_7,True,deb461b0ec6724ccf20793366405e504_1612118856
368,0,7,writer,jurist,astronaut,thoroughbred,False,False,True,0,6943.0,1,6,person_7,True,deb461b0ec6724ccf20793366405e504_1612118856
1337,0,26,continent,state,range,sea,True,True,True,0,8316.0,1,6,person_7,True,deb461b0ec6724ccf20793366405e504_1612118856
674,0,13,waterfall,navigator,town,king,True,True,False,1,10318.0,1,6,person_7,True,deb461b0ec6724ccf20793366405e504_1612118856
8268,0,-14,lyricist,songwriter,patriarch,volcano,True,True,True,0,5767.0,1,6,person_7,False,deb461b0ec6724ccf20793366405e504_1612118856
5363,0,52,patron saint,thoroughbred,astronomer,volcano,False,False,True,1,13295.0,1,6,person_7,True,deb461b0ec6724ccf20793366405e504_1612118856
1847,0,36,architect,golfer,binary star,gulf,False,True,False,0,11330.0,1,6,person_7,True,deb461b0ec6724ccf20793366405e504_1612118856
164,0,3,university,city,valley,state,True,False,True,0,12798.0,1,6,person_7,True,deb461b0ec6724ccf20793366405e504_1612118856
470,0,9,roman emperor,bay,admiral,isthmus,False,True,True,1,8510.0,1,6,person_7,True,deb461b0ec6724ccf20793366405e504_1612118856
8257,0,-3,father,wife,nazi,scientist,False,True,False,0,11050.0,1,6,person_7,False,deb461b0ec6724ccf20793366405e504_1612118856
2000,0,39,suspension bridge,archpriest,doctor of the church,patron saint,False,False,False,1,8504.0,1,6,person_7,True,deb461b0ec6724ccf20793366405e504_1612118856
929,0,18,thoroughbred,muse,plateau,apostle,True,False,True,0,15184.0,1,6,person_7,True,deb461b0ec6724ccf20793366405e504_1612118856
725,0,14,religious text,prayer,town,island,True,False,True,0,7224.0,1,6,person_7,True,deb461b0ec6724ccf20793366405e504_1612118856
1592,0,31,country,university,binary star,friend,False,True,True,0,8569.0,1,6,person_7,True,deb461b0ec6724ccf20793366405e504_1612118856
8259,0,-5,composer,pianist,gulf,terrestrial planet,False,False,True,0,6362.0,1,6,person_7,False,deb461b0ec6724ccf20793366405e504_1612118856
2153,0,42,city,capital,city,volcano,True,True,False,0,5250.0,1,6,person_7,True,deb461b0ec6724ccf20793366405e504_1612118856
317,0,6,volcano,settler,street,continent,False,True,False,1,9947.0,1,6,person_7,True,deb461b0ec6724ccf20793366405e504_1612118856
1694,0,33,terrestrial planet,valley,state,volcano,False,False,True,0,14510.0,1,6,person_7,True,deb461b0ec6724ccf20793366405e504_1612118856
8269,0,-15,surgeon,neurologist,lake,soldier,False,False,False,0,5101.0,1,6,person_7,False,deb461b0ec6724ccf20793366405e504_1612118856
572,0,11,constellation,epoch,binary star,county,True,False,False,0,8553.0,1,6,person_7,True,deb461b0ec6724ccf20793366405e504_1612118856
2204,0,43,politician,star,composer,artist,True,False,False,1,4057.0,1,6,person_7,True,deb461b0ec6724ccf20793366405e504_1612118856
521,0,10,island,valley,capital,illustrator,False,False,True,0,6585.0,1,6,person_7,True,deb461b0ec6724ccf20793366405e504_1612118856
1082,0,21,missionary,archpriest,pope,prayer,False,True,False,1,6314.0,1,6,person_7,True,deb461b0ec6724ccf20793366405e504_1612118856
8264,0,-10,astronomer,terrestrial planet,peninsula,soldier,False,True,True,0,4932.0,1,6,person_7,False,deb461b0ec6724ccf20793366405e504_1612118856
623,0,12,epistle,politician,revolution,doctor of the church,False,True,False,1,11157.0,1,6,person_7,True,deb461b0ec6724ccf20793366405e504_1612118856
2102,0,41,district,village,strait,capital,False,False,True,0,6692.0,1,6,person_7,True,deb461b0ec6724ccf20793366405e504_1612118856
5414,0,53,promontory,peninsula,sea,admiral,False,False,False,1,11158.0,1,6,person_7,True,deb461b0ec6724ccf20793366405e504_1612118856
5261,0,50,god,father,father,apostle,False,True,False,1,13294.0,1,6,person_7,True,deb461b0ec6724ccf20793366405e504_1612118856
8261,0,-7,general,engineer,journalist,titan,True,True,False,0,6254.0,1,6,person_7,False,deb461b0ec6724ccf20793366405e504_1612118856
5210,0,49,suspension bridge,fiddler,range,asterism,True,False,False,1,6438.0,1,6,person_7,True,deb461b0ec6724ccf20793366405e504_1612118856
5108,0,47,district,valley,web browser,jew,False,True,False,0,8951.0,1,6,person_7,True,deb461b0ec6724ccf20793366405e504_1612118856
980,0,19,colony,old master,siege,surgeon,False,True,False,0,10164.0,1,6,person_7,True,deb461b0ec6724ccf20793366405e504_1612118856
8262,0,-8,pianist,songwriter,patriarch,bay,True,True,True,0,5123.0,1,6,person_7,False,deb461b0ec6724ccf20793366405e504_1612118856
1745,0,34,island,prayer,city,region,False,True,False,1,4858.0,1,6,person_7,True,deb461b0ec6724ccf20793366405e504_1612118856
1133,0,22,archipelago,strait,prayer,organist,False,False,False,0,4354.0,1,6,person_7,True,deb461b0ec6724ccf20793366405e504_1612118856
827,0,16,bible,siege,suspension bridge,bay,False,False,True,1,5593.0,1,6,person_7,True,deb461b0ec6724ccf20793366405e504_1612118856
5159,0,48,national park,village,sea,volcano,False,True,False,0,8414.0,1,6,person_7,True,deb461b0ec6724ccf20793366405e504_1612118856
8255,0,-1,bandleader,songwriter,peninsula,doctor,False,False,True,0,2792.0,1,6,person_7,False,deb461b0ec6724ccf20793366405e504_1612118856
5057,0,46,town,island,thoroughbred,titan,True,False,False,0,9995.0,1,6,person_7,True,deb461b0ec6724ccf20793366405e504_1612118856
2051,0,40,range,star,colony,diplomat,False,True,False,1,5026.0,1,6,person_7,True,deb461b0ec6724ccf20793366405e504_1612118856
62,0,1,country,man,desert,empire,False,True,True,0,7286.0,1,6,person_7,True,deb461b0ec6724ccf20793366405e504_1612118856
5006,0,45,composer,lyricist,waterfall,asterism,False,False,False,0,4074.0,1,6,person_7,True,deb461b0ec6724ccf20793366405e504_1612118856
8256,0,-2,city,town,state,fiddler,False,False,False,0,2456.0,1,6,person_7,False,deb461b0ec6724ccf20793366405e504_1612118856
1388,0,27,river,asterism,revolution,waterfall,False,False,True,0,8592.0,1,6,person_7,True,deb461b0ec6724ccf20793366405e504_1612118856
1184,0,23,constellation,strait,waterfall,statesman,False,False,True,0,8139.0,1,6,person_7,True,deb461b0ec6724ccf20793366405e504_1612118856
1796,0,35,suspension bridge,aviator,university,state,True,True,True,1,3578.0,1,6,person_7,True,deb461b0ec6724ccf20793366405e504_1612118856
8266,0,-12,physicist,astronomer,film producer,valley,True,True,False,0,4483.0,1,6,person_7,False,deb461b0ec6724ccf20793366405e504_1612118856
419,0,8,cape,village,promontory,district,False,False,True,0,10047.0,1,6,person_7,True,deb461b0ec6724ccf20793366405e504_1612118856
1643,0,32,range,sea,colony,revolutionary,True,True,False,1,5209.0,1,6,person_7,True,deb461b0ec6724ccf20793366405e504_1612118856
4955,0,44,street,borough,desert,bible,False,True,True,0,3171.0,1,6,person_7,True,deb461b0ec6724ccf20793366405e504_1612118856
1235,0,24,community,state,town,district,False,False,True,1,5267.0,1,6,person_7,True,deb461b0ec6724ccf20793366405e504_1612118856
8263,0,-9,mathematician,scientist,athlete,jew,False,False,False,0,2498.0,1,6,person_7,False,deb461b0ec6724ccf20793366405e504_1612118856
1286,0,25,state,region,city,state capital,False,False,True,0,4509.0,1,6,person_7,True,deb461b0ec6724ccf20793366405e504_1612118856
1031,0,20,city,colony,hill,valley,False,True,True,1,6717.0,1,6,person_7,True,deb461b0ec6724ccf20793366405e504_1612118856
215,0,4,river,archpriest,binary star,university,False,True,True,0,8869.0,1,6,person_7,True,deb461b0ec6724ccf20793366405e504_1612118856
8260,0,-6,lake,county,peninsula,printer,True,False,False,0,4468.0,1,6,person_7,False,deb461b0ec6724ccf20793366405e504_1612118856
1541,0,30,artist,songwriter,apostle,prayer,False,True,False,0,7473.0,1,6,person_7,True,deb461b0ec6724ccf20793366405e504_1612118856
5465,0,54,actor,geneticist,revolution,war,True,False,True,1,2629.0,1,6,person_7,True,deb461b0ec6724ccf20793366405e504_1612118856
776,0,15,empire,revolution,doctor of the church,bible,False,False,False,0,11621.0,1,6,person_7,True,deb461b0ec6724ccf20793366405e504_1612118856
266,0,5,country,cartoonist,country,capital,True,True,False,1,4359.0,1,6,person_7,True,deb461b0ec6724ccf20793366405e504_1612118856
8265,0,-11,film producer,actor,nazi,journalist,True,False,False,0,3111.0,1,6,person_7,False,deb461b0ec6724ccf20793366405e504_1612118856
1439,0,28,town,region,isthmus,channel,True,True,True,0,3946.0,1,6,person_7,True,deb461b0ec6724ccf20793366405e504_1612118856
11,0,0,bishop,epistle,dictator,war,True,False,False,0,14032.0,1,6,person_7,True,deb461b0ec6724ccf20793366405e504_1612118856
1898,0,37,borough,anarchist,island,cape,True,True,False,1,2917.0,1,6,person_7,True,deb461b0ec6724ccf20793366405e504_1612118856
113,0,2,binary star,terrestrial planet,terrestrial planet,mathematician,True,False,False,0,4355.0,1,6,person_7,True,deb461b0ec6724ccf20793366405e504_1612118856
8258,0,-4,artist,songwriter,doctor,general,False,False,False,0,3470.0,1,6,person_7,False,deb461b0ec6724ccf20793366405e504_1612118856
1949,0,38,sea,lake,pianist,soprano,False,False,True,0,8473.0,1,6,person_7,True,deb461b0ec6724ccf20793366405e504_1612118856
1490,0,29,asterism,terrestrial planet,politician,apostle,True,True,True,0,8187.0,1,6,person_7,True,deb461b0ec6724ccf20793366405e504_1612118856
878,0,17,crusade,film producer,thoroughbred,saint,False,True,False,1,12211.0,1,6,person_7,True,deb461b0ec6724ccf20793366405e504_1612118856
8267,0,-13,god,pope,waterfall,historian,False,True,False,0,3250.0,1,6,person_7,False,deb461b0ec6724ccf20793366405e504_1612118856
